,0,1,2,3,4,5,6,7,8,9,10,11,12,13,14,15,16,17,18,19,20,21,22,23,24,25,26,27,28,29,30,31,32,33,34,35,36,37,38,39,40,41
0,Valeurs predites,0,1,2,3,4,5,6,7,8,9,10,11,12,13,14,15,16,17,18,19,20,21,22,23,24,25,26,27,28,29,30,31,32,34,35,40,41,42,45,-1,
1,Valeurs reelles,,,,,,,,,,,,,,,,,,,,,,,,,,,,,,,,,,,,,,,,,
2,0,43832 | 25.2%,97815 | 56.23%,3276 | 1.88%,939 | 0.54%,412 | 0.24%,145 | 0.08%,115 | 0.07%,16 | 0.01%,8 | 0.0%,22 | 0.01%,1 | 0.0%,0 | 0.0%,0 | 0.0%,0 | 0.0%,0 | 0.0%,0 | 0.0%,0 | 0.0%,0 | 0.0%,0 | 0.0%,0 | 0.0%,0 | 0.0%,0 | 0.0%,0 | 0.0%,0 | 0.0%,0 | 0.0%,0 | 0.0%,0 | 0.0%,0 | 0.0%,0 | 0.0%,0 | 0.0%,0 | 0.0%,0 | 0.0%,0 | 0.0%,0 | 0.0%,0 | 0.0%,0 | 0.0%,0 | 0.0%,0 | 0.0%,0 | 0.0%,11 | 0.01%,
3,1,1048 | 0.6%,3962 | 2.28%,239 | 0.14%,29 | 0.02%,17 | 0.01%,5 | 0.0%,6 | 0.0%,4 | 0.0%,0 | 0.0%,1 | 0.0%,0 | 0.0%,0 | 0.0%,0 | 0.0%,0 | 0.0%,0 | 0.0%,0 | 0.0%,0 | 0.0%,0 | 0.0%,0 | 0.0%,0 | 0.0%,0 | 0.0%,0 | 0.0%,0 | 0.0%,0 | 0.0%,0 | 0.0%,0 | 0.0%,0 | 0.0%,0 | 0.0%,0 | 0.0%,0 | 0.0%,0 | 0.0%,0 | 0.0%,0 | 0.0%,0 | 0.0%,0 | 0.0%,0 | 0.0%,0 | 0.0%,0 | 0.0%,0 | 0.0%,0 | 0.0%,
4,2,606 | 0.35%,3220 | 1.85%,202 | 0.12%,113 | 0.06%,29 | 0.02%,29 | 0.02%,13 | 0.01%,18 | 0.01%,8 | 0.0%,2 | 0.0%,1 | 0.0%,0 | 0.0%,0 | 0.0%,0 | 0.0%,0 | 0.0%,0 | 0.0%,0 | 0.0%,0 | 0.0%,0 | 0.0%,0 | 0.0%,0 | 0.0%,0 | 0.0%,0 | 0.0%,0 | 0.0%,0 | 0.0%,0 | 0.0%,0 | 0.0%,0 | 0.0%,0 | 0.0%,0 | 0.0%,0 | 0.0%,0 | 0.0%,0 | 0.0%,0 | 0.0%,0 | 0.0%,0 | 0.0%,0 | 0.0%,0 | 0.0%,0 | 0.0%,0 | 0.0%,
5,3,344 | 0.2%,2222 | 1.28%,170 | 0.1%,68 | 0.04%,52 | 0.03%,63 | 0.04%,21 | 0.01%,9 | 0.01%,5 | 0.0%,2 | 0.0%,2 | 0.0%,0 | 0.0%,0 | 0.0%,0 | 0.0%,0 | 0.0%,0 | 0.0%,0 | 0.0%,0 | 0.0%,0 | 0.0%,0 | 0.0%,0 | 0.0%,0 | 0.0%,0 | 0.0%,0 | 0.0%,0 | 0.0%,0 | 0.0%,0 | 0.0%,0 | 0.0%,0 | 0.0%,0 | 0.0%,0 | 0.0%,0 | 0.0%,0 | 0.0%,0 | 0.0%,0 | 0.0%,0 | 0.0%,0 | 0.0%,0 | 0.0%,0 | 0.0%,0 | 0.0%,
6,4,199 | 0.11%,1826 | 1.05%,243 | 0.14%,92 | 0.05%,66 | 0.04%,34 | 0.02%,12 | 0.01%,2 | 0.0%,0 | 0.0%,0 | 0.0%,0 | 0.0%,0 | 0.0%,0 | 0.0%,0 | 0.0%,0 | 0.0%,0 | 0.0%,0 | 0.0%,0 | 0.0%,0 | 0.0%,0 | 0.0%,0 | 0.0%,0 | 0.0%,0 | 0.0%,0 | 0.0%,0 | 0.0%,0 | 0.0%,0 | 0.0%,0 | 0.0%,0 | 0.0%,0 | 0.0%,0 | 0.0%,0 | 0.0%,0 | 0.0%,0 | 0.0%,0 | 0.0%,0 | 0.0%,0 | 0.0%,0 | 0.0%,0 | 0.0%,0 | 0.0%,
7,5,195 | 0.11%,1569 | 0.9%,359 | 0.21%,89 | 0.05%,39 | 0.02%,26 | 0.01%,8 | 0.0%,3 | 0.0%,0 | 0.0%,0 | 0.0%,0 | 0.0%,0 | 0.0%,0 | 0.0%,0 | 0.0%,0 | 0.0%,0 | 0.0%,0 | 0.0%,0 | 0.0%,0 | 0.0%,0 | 0.0%,0 | 0.0%,0 | 0.0%,0 | 0.0%,0 | 0.0%,0 | 0.0%,0 | 0.0%,0 | 0.0%,0 | 0.0%,0 | 0.0%,0 | 0.0%,0 | 0.0%,0 | 0.0%,0 | 0.0%,0 | 0.0%,0 | 0.0%,0 | 0.0%,0 | 0.0%,0 | 0.0%,0 | 0.0%,0 | 0.0%,
8,6,134 | 0.08%,1404 | 0.81%,260 | 0.15%,91 | 0.05%,25 | 0.01%,18 | 0.01%,38 | 0.02%,4 | 0.0%,0 | 0.0%,0 | 0.0%,0 | 0.0%,0 | 0.0%,0 | 0.0%,0 | 0.0%,0 | 0.0%,0 | 0.0%,0 | 0.0%,0 | 0.0%,0 | 0.0%,0 | 0.0%,0 | 0.0%,0 | 0.0%,0 | 0.0%,0 | 0.0%,0 | 0.0%,0 | 0.0%,0 | 0.0%,0 | 0.0%,0 | 0.0%,0 | 0.0%,0 | 0.0%,0 | 0.0%,0 | 0.0%,0 | 0.0%,0 | 0.0%,0 | 0.0%,0 | 0.0%,0 | 0.0%,0 | 0.0%,0 | 0.0%,
9,7,104 | 0.06%,1059 | 0.61%,229 | 0.13%,151 | 0.09%,19 | 0.01%,7 | 0.0%,5 | 0.0%,0 | 0.0%,0 | 0.0%,0 | 0.0%,0 | 0.0%,0 | 0.0%,0 | 0.0%,0 | 0.0%,0 | 0.0%,0 | 0.0%,0 | 0.0%,0 | 0.0%,0 | 0.0%,0 | 0.0%,0 | 0.0%,0 | 0.0%,0 | 0.0%,0 | 0.0%,0 | 0.0%,0 | 0.0%,0 | 0.0%,0 | 0.0%,0 | 0.0%,0 | 0.0%,0 | 0.0%,0 | 0.0%,0 | 0.0%,0 | 0.0%,0 | 0.0%,0 | 0.0%,0 | 0.0%,0 | 0.0%,0 | 0.0%,0 | 0.0%,
10,8,83 | 0.05%,1003 | 0.58%,172 | 0.1%,48 | 0.03%,13 | 0.01%,23 | 0.01%,1 | 0.0%,1 | 0.0%,0 | 0.0%,0 | 0.0%,0 | 0.0%,0 | 0.0%,0 | 0.0%,0 | 0.0%,0 | 0.0%,0 | 0.0%,0 | 0.0%,0 | 0.0%,0 | 0.0%,0 | 0.0%,0 | 0.0%,0 | 0.0%,0 | 0.0%,0 | 0.0%,0 | 0.0%,0 | 0.0%,0 | 0.0%,0 | 0.0%,0 | 0.0%,0 | 0.0%,0 | 0.0%,0 | 0.0%,0 | 0.0%,0 | 0.0%,0 | 0.0%,0 | 0.0%,0 | 0.0%,0 | 0.0%,0 | 0.0%,0 | 0.0%,
11,9,68 | 0.04%,677 | 0.39%,167 | 0.1%,31 | 0.02%,22 | 0.01%,8 | 0.0%,1 | 0.0%,3 | 0.0%,0 | 0.0%,2 | 0.0%,0 | 0.0%,0 | 0.0%,0 | 0.0%,0 | 0.0%,0 | 0.0%,0 | 0.0%,0 | 0.0%,0 | 0.0%,0 | 0.0%,0 | 0.0%,0 | 0.0%,0 | 0.0%,0 | 0.0%,0 | 0.0%,0 | 0.0%,0 | 0.0%,0 | 0.0%,0 | 0.0%,0 | 0.0%,0 | 0.0%,0 | 0.0%,0 | 0.0%,0 | 0.0%,0 | 0.0%,0 | 0.0%,0 | 0.0%,0 | 0.0%,0 | 0.0%,0 | 0.0%,0 | 0.0%,
12,10,35 | 0.02%,518 | 0.3%,150 | 0.09%,56 | 0.03%,31 | 0.02%,28 | 0.02%,1 | 0.0%,0 | 0.0%,0 | 0.0%,2 | 0.0%,0 | 0.0%,0 | 0.0%,0 | 0.0%,0 | 0.0%,0 | 0.0%,0 | 0.0%,0 | 0.0%,0 | 0.0%,0 | 0.0%,0 | 0.0%,0 | 0.0%,0 | 0.0%,0 | 0.0%,0 | 0.0%,0 | 0.0%,0 | 0.0%,0 | 0.0%,0 | 0.0%,0 | 0.0%,0 | 0.0%,0 | 0.0%,0 | 0.0%,0 | 0.0%,0 | 0.0%,0 | 0.0%,0 | 0.0%,0 | 0.0%,0 | 0.0%,0 | 0.0%,0 | 0.0%,
13,11,29 | 0.02%,588 | 0.34%,141 | 0.08%,34 | 0.02%,13 | 0.01%,54 | 0.03%,1 | 0.0%,0 | 0.0%,0 | 0.0%,0 | 0.0%,0 | 0.0%,0 | 0.0%,0 | 0.0%,0 | 0.0%,0 | 0.0%,0 | 0.0%,0 | 0.0%,0 | 0.0%,0 | 0.0%,0 | 0.0%,0 | 0.0%,0 | 0.0%,0 | 0.0%,0 | 0.0%,0 | 0.0%,0 | 0.0%,0 | 0.0%,0 | 0.0%,0 | 0.0%,0 | 0.0%,0 | 0.0%,0 | 0.0%,0 | 0.0%,0 | 0.0%,0 | 0.0%,0 | 0.0%,0 | 0.0%,0 | 0.0%,0 | 0.0%,0 | 0.0%,
14,12,33 | 0.02%,365 | 0.21%,102 | 0.06%,48 | 0.03%,13 | 0.01%,34 | 0.02%,1 | 0.0%,0 | 0.0%,0 | 0.0%,0 | 0.0%,0 | 0.0%,0 | 0.0%,0 | 0.0%,0 | 0.0%,0 | 0.0%,0 | 0.0%,0 | 0.0%,0 | 0.0%,0 | 0.0%,0 | 0.0%,0 | 0.0%,0 | 0.0%,0 | 0.0%,0 | 0.0%,0 | 0.0%,0 | 0.0%,0 | 0.0%,0 | 0.0%,0 | 0.0%,0 | 0.0%,0 | 0.0%,0 | 0.0%,0 | 0.0%,0 | 0.0%,0 | 0.0%,0 | 0.0%,0 | 0.0%,0 | 0.0%,0 | 0.0%,0 | 0.0%,
15,13,10 | 0.01%,347 | 0.2%,81 | 0.05%,61 | 0.04%,6 | 0.0%,2 | 0.0%,0 | 0.0%,1 | 0.0%,0 | 0.0%,0 | 0.0%,0 | 0.0%,0 | 0.0%,0 | 0.0%,0 | 0.0%,0 | 0.0%,0 | 0.0%,0 | 0.0%,0 | 0.0%,0 | 0.0%,0 | 0.0%,0 | 0.0%,0 | 0.0%,0 | 0.0%,0 | 0.0%,0 | 0.0%,0 | 0.0%,0 | 0.0%,0 | 0.0%,0 | 0.0%,0 | 0.0%,0 | 0.0%,0 | 0.0%,0 | 0.0%,0 | 0.0%,0 | 0.0%,0 | 0.0%,0 | 0.0%,0 | 0.0%,0 | 0.0%,0 | 0.0%,
16,14,7 | 0.0%,258 | 0.15%,46 | 0.03%,55 | 0.03%,7 | 0.0%,0 | 0.0%,1 | 0.0%,0 | 0.0%,0 | 0.0%,0 | 0.0%,0 | 0.0%,0 | 0.0%,0 | 0.0%,0 | 0.0%,0 | 0.0%,0 | 0.0%,0 | 0.0%,0 | 0.0%,0 | 0.0%,0 | 0.0%,0 | 0.0%,0 | 0.0%,0 | 0.0%,0 | 0.0%,0 | 0.0%,0 | 0.0%,0 | 0.0%,0 | 0.0%,0 | 0.0%,0 | 0.0%,0 | 0.0%,0 | 0.0%,0 | 0.0%,0 | 0.0%,0 | 0.0%,0 | 0.0%,0 | 0.0%,0 | 0.0%,0 | 0.0%,0 | 0.0%,
17,15,4 | 0.0%,172 | 0.1%,103 | 0.06%,26 | 0.01%,6 | 0.0%,1 | 0.0%,0 | 0.0%,0 | 0.0%,0 | 0.0%,0 | 0.0%,0 | 0.0%,0 | 0.0%,0 | 0.0%,0 | 0.0%,0 | 0.0%,0 | 0.0%,0 | 0.0%,0 | 0.0%,0 | 0.0%,0 | 0.0%,0 | 0.0%,0 | 0.0%,0 | 0.0%,0 | 0.0%,0 | 0.0%,0 | 0.0%,0 | 0.0%,0 | 0.0%,0 | 0.0%,0 | 0.0%,0 | 0.0%,0 | 0.0%,0 | 0.0%,0 | 0.0%,0 | 0.0%,0 | 0.0%,0 | 0.0%,0 | 0.0%,0 | 0.0%,0 | 0.0%,
18,16,7 | 0.0%,135 | 0.08%,28 | 0.02%,53 | 0.03%,5 | 0.0%,1 | 0.0%,0 | 0.0%,0 | 0.0%,0 | 0.0%,0 | 0.0%,0 | 0.0%,0 | 0.0%,0 | 0.0%,0 | 0.0%,0 | 0.0%,0 | 0.0%,0 | 0.0%,0 | 0.0%,0 | 0.0%,0 | 0.0%,0 | 0.0%,0 | 0.0%,0 | 0.0%,0 | 0.0%,0 | 0.0%,0 | 0.0%,0 | 0.0%,0 | 0.0%,0 | 0.0%,0 | 0.0%,0 | 0.0%,0 | 0.0%,0 | 0.0%,0 | 0.0%,0 | 0.0%,0 | 0.0%,0 | 0.0%,0 | 0.0%,0 | 0.0%,0 | 0.0%,
19,17,7 | 0.0%,72 | 0.04%,24 | 0.01%,48 | 0.03%,3 | 0.0%,0 | 0.0%,0 | 0.0%,0 | 0.0%,0 | 0.0%,0 | 0.0%,0 | 0.0%,0 | 0.0%,0 | 0.0%,0 | 0.0%,0 | 0.0%,0 | 0.0%,0 | 0.0%,0 | 0.0%,0 | 0.0%,0 | 0.0%,0 | 0.0%,0 | 0.0%,0 | 0.0%,0 | 0.0%,0 | 0.0%,0 | 0.0%,0 | 0.0%,0 | 0.0%,0 | 0.0%,0 | 0.0%,0 | 0.0%,0 | 0.0%,0 | 0.0%,0 | 0.0%,0 | 0.0%,0 | 0.0%,0 | 0.0%,0 | 0.0%,0 | 0.0%,0 | 0.0%,
20,18,0 | 0.0%,44 | 0.03%,24 | 0.01%,11 | 0.01%,14 | 0.01%,0 | 0.0%,0 | 0.0%,0 | 0.0%,0 | 0.0%,0 | 0.0%,0 | 0.0%,0 | 0.0%,0 | 0.0%,0 | 0.0%,0 | 0.0%,0 | 0.0%,0 | 0.0%,0 | 0.0%,0 | 0.0%,0 | 0.0%,0 | 0.0%,0 | 0.0%,0 | 0.0%,0 | 0.0%,0 | 0.0%,0 | 0.0%,0 | 0.0%,0 | 0.0%,0 | 0.0%,0 | 0.0%,0 | 0.0%,0 | 0.0%,0 | 0.0%,0 | 0.0%,0 | 0.0%,0 | 0.0%,0 | 0.0%,0 | 0.0%,0 | 0.0%,0 | 0.0%,
21,19,2 | 0.0%,35 | 0.02%,17 | 0.01%,3 | 0.0%,2 | 0.0%,0 | 0.0%,0 | 0.0%,0 | 0.0%,0 | 0.0%,0 | 0.0%,0 | 0.0%,0 | 0.0%,0 | 0.0%,0 | 0.0%,0 | 0.0%,0 | 0.0%,0 | 0.0%,0 | 0.0%,0 | 0.0%,0 | 0.0%,0 | 0.0%,0 | 0.0%,0 | 0.0%,0 | 0.0%,0 | 0.0%,0 | 0.0%,0 | 0.0%,0 | 0.0%,0 | 0.0%,0 | 0.0%,0 | 0.0%,0 | 0.0%,0 | 0.0%,0 | 0.0%,0 | 0.0%,0 | 0.0%,0 | 0.0%,0 | 0.0%,0 | 0.0%,0 | 0.0%,
22,20,1 | 0.0%,17 | 0.01%,30 | 0.02%,2 | 0.0%,0 | 0.0%,0 | 0.0%,0 | 0.0%,0 | 0.0%,0 | 0.0%,0 | 0.0%,0 | 0.0%,0 | 0.0%,0 | 0.0%,0 | 0.0%,0 | 0.0%,0 | 0.0%,0 | 0.0%,0 | 0.0%,0 | 0.0%,0 | 0.0%,0 | 0.0%,0 | 0.0%,0 | 0.0%,0 | 0.0%,0 | 0.0%,0 | 0.0%,0 | 0.0%,0 | 0.0%,0 | 0.0%,0 | 0.0%,0 | 0.0%,0 | 0.0%,0 | 0.0%,0 | 0.0%,0 | 0.0%,0 | 0.0%,0 | 0.0%,0 | 0.0%,0 | 0.0%,0 | 0.0%,
23,21,3 | 0.0%,13 | 0.01%,10 | 0.01%,2 | 0.0%,1 | 0.0%,0 | 0.0%,0 | 0.0%,0 | 0.0%,0 | 0.0%,0 | 0.0%,0 | 0.0%,0 | 0.0%,0 | 0.0%,0 | 0.0%,0 | 0.0%,0 | 0.0%,0 | 0.0%,0 | 0.0%,0 | 0.0%,0 | 0.0%,0 | 0.0%,0 | 0.0%,0 | 0.0%,0 | 0.0%,0 | 0.0%,0 | 0.0%,0 | 0.0%,0 | 0.0%,0 | 0.0%,0 | 0.0%,0 | 0.0%,0 | 0.0%,0 | 0.0%,0 | 0.0%,0 | 0.0%,0 | 0.0%,0 | 0.0%,0 | 0.0%,0 | 0.0%,0 | 0.0%,
24,22,6 | 0.0%,13 | 0.01%,7 | 0.0%,3 | 0.0%,1 | 0.0%,0 | 0.0%,0 | 0.0%,0 | 0.0%,0 | 0.0%,0 | 0.0%,0 | 0.0%,0 | 0.0%,0 | 0.0%,0 | 0.0%,0 | 0.0%,0 | 0.0%,0 | 0.0%,0 | 0.0%,0 | 0.0%,0 | 0.0%,0 | 0.0%,0 | 0.0%,0 | 0.0%,0 | 0.0%,0 | 0.0%,0 | 0.0%,0 | 0.0%,0 | 0.0%,0 | 0.0%,0 | 0.0%,0 | 0.0%,0 | 0.0%,0 | 0.0%,0 | 0.0%,0 | 0.0%,0 | 0.0%,0 | 0.0%,0 | 0.0%,0 | 0.0%,0 | 0.0%,
25,23,1 | 0.0%,18 | 0.01%,9 | 0.01%,3 | 0.0%,0 | 0.0%,0 | 0.0%,1 | 0.0%,0 | 0.0%,0 | 0.0%,0 | 0.0%,0 | 0.0%,0 | 0.0%,0 | 0.0%,0 | 0.0%,0 | 0.0%,0 | 0.0%,0 | 0.0%,0 | 0.0%,0 | 0.0%,0 | 0.0%,0 | 0.0%,0 | 0.0%,0 | 0.0%,0 | 0.0%,0 | 0.0%,0 | 0.0%,0 | 0.0%,0 | 0.0%,0 | 0.0%,0 | 0.0%,0 | 0.0%,0 | 0.0%,0 | 0.0%,0 | 0.0%,0 | 0.0%,0 | 0.0%,0 | 0.0%,0 | 0.0%,0 | 0.0%,0 | 0.0%,
26,24,1 | 0.0%,15 | 0.01%,3 | 0.0%,1 | 0.0%,1 | 0.0%,0 | 0.0%,0 | 0.0%,0 | 0.0%,0 | 0.0%,0 | 0.0%,0 | 0.0%,0 | 0.0%,0 | 0.0%,0 | 0.0%,0 | 0.0%,0 | 0.0%,0 | 0.0%,0 | 0.0%,0 | 0.0%,0 | 0.0%,0 | 0.0%,0 | 0.0%,0 | 0.0%,0 | 0.0%,0 | 0.0%,0 | 0.0%,0 | 0.0%,0 | 0.0%,0 | 0.0%,0 | 0.0%,0 | 0.0%,0 | 0.0%,0 | 0.0%,0 | 0.0%,0 | 0.0%,0 | 0.0%,0 | 0.0%,0 | 0.0%,0 | 0.0%,0 | 0.0%,
27,25,1 | 0.0%,2 | 0.0%,2 | 0.0%,2 | 0.0%,1 | 0.0%,0 | 0.0%,1 | 0.0%,0 | 0.0%,0 | 0.0%,0 | 0.0%,0 | 0.0%,0 | 0.0%,0 | 0.0%,0 | 0.0%,0 | 0.0%,0 | 0.0%,0 | 0.0%,0 | 0.0%,0 | 0.0%,0 | 0.0%,0 | 0.0%,0 | 0.0%,0 | 0.0%,0 | 0.0%,0 | 0.0%,0 | 0.0%,0 | 0.0%,0 | 0.0%,0 | 0.0%,0 | 0.0%,0 | 0.0%,0 | 0.0%,0 | 0.0%,0 | 0.0%,0 | 0.0%,0 | 0.0%,0 | 0.0%,0 | 0.0%,0 | 0.0%,0 | 0.0%,
28,26,2 | 0.0%,4 | 0.0%,3 | 0.0%,3 | 0.0%,0 | 0.0%,0 | 0.0%,1 | 0.0%,0 | 0.0%,0 | 0.0%,0 | 0.0%,0 | 0.0%,0 | 0.0%,0 | 0.0%,0 | 0.0%,0 | 0.0%,0 | 0.0%,0 | 0.0%,0 | 0.0%,0 | 0.0%,0 | 0.0%,0 | 0.0%,0 | 0.0%,0 | 0.0%,0 | 0.0%,0 | 0.0%,0 | 0.0%,0 | 0.0%,0 | 0.0%,0 | 0.0%,0 | 0.0%,0 | 0.0%,0 | 0.0%,0 | 0.0%,0 | 0.0%,0 | 0.0%,0 | 0.0%,0 | 0.0%,0 | 0.0%,0 | 0.0%,0 | 0.0%,
29,27,0 | 0.0%,1 | 0.0%,0 | 0.0%,0 | 0.0%,1 | 0.0%,0 | 0.0%,0 | 0.0%,0 | 0.0%,0 | 0.0%,0 | 0.0%,0 | 0.0%,0 | 0.0%,0 | 0.0%,0 | 0.0%,0 | 0.0%,0 | 0.0%,0 | 0.0%,0 | 0.0%,0 | 0.0%,0 | 0.0%,0 | 0.0%,0 | 0.0%,0 | 0.0%,0 | 0.0%,0 | 0.0%,0 | 0.0%,0 | 0.0%,0 | 0.0%,0 | 0.0%,0 | 0.0%,0 | 0.0%,0 | 0.0%,0 | 0.0%,0 | 0.0%,0 | 0.0%,0 | 0.0%,0 | 0.0%,0 | 0.0%,0 | 0.0%,0 | 0.0%,
30,28,1 | 0.0%,1 | 0.0%,0 | 0.0%,0 | 0.0%,0 | 0.0%,1 | 0.0%,0 | 0.0%,0 | 0.0%,0 | 0.0%,0 | 0.0%,0 | 0.0%,0 | 0.0%,0 | 0.0%,0 | 0.0%,0 | 0.0%,0 | 0.0%,0 | 0.0%,0 | 0.0%,0 | 0.0%,0 | 0.0%,0 | 0.0%,0 | 0.0%,0 | 0.0%,0 | 0.0%,0 | 0.0%,0 | 0.0%,0 | 0.0%,0 | 0.0%,0 | 0.0%,0 | 0.0%,0 | 0.0%,0 | 0.0%,0 | 0.0%,0 | 0.0%,0 | 0.0%,0 | 0.0%,0 | 0.0%,0 | 0.0%,0 | 0.0%,0 | 0.0%,
31,29,0 | 0.0%,0 | 0.0%,2 | 0.0%,0 | 0.0%,0 | 0.0%,0 | 0.0%,0 | 0.0%,0 | 0.0%,0 | 0.0%,0 | 0.0%,0 | 0.0%,0 | 0.0%,0 | 0.0%,0 | 0.0%,0 | 0.0%,0 | 0.0%,0 | 0.0%,0 | 0.0%,0 | 0.0%,0 | 0.0%,0 | 0.0%,0 | 0.0%,0 | 0.0%,0 | 0.0%,0 | 0.0%,0 | 0.0%,0 | 0.0%,0 | 0.0%,0 | 0.0%,0 | 0.0%,0 | 0.0%,0 | 0.0%,0 | 0.0%,0 | 0.0%,0 | 0.0%,0 | 0.0%,0 | 0.0%,0 | 0.0%,0 | 0.0%,0 | 0.0%,
32,30,0 | 0.0%,1 | 0.0%,1 | 0.0%,1 | 0.0%,0 | 0.0%,0 | 0.0%,0 | 0.0%,0 | 0.0%,0 | 0.0%,0 | 0.0%,0 | 0.0%,0 | 0.0%,0 | 0.0%,0 | 0.0%,0 | 0.0%,0 | 0.0%,0 | 0.0%,0 | 0.0%,0 | 0.0%,0 | 0.0%,0 | 0.0%,0 | 0.0%,0 | 0.0%,0 | 0.0%,0 | 0.0%,0 | 0.0%,0 | 0.0%,0 | 0.0%,0 | 0.0%,0 | 0.0%,0 | 0.0%,0 | 0.0%,0 | 0.0%,0 | 0.0%,0 | 0.0%,0 | 0.0%,0 | 0.0%,0 | 0.0%,0 | 0.0%,0 | 0.0%,
33,31,0 | 0.0%,0 | 0.0%,0 | 0.0%,2 | 0.0%,0 | 0.0%,0 | 0.0%,0 | 0.0%,0 | 0.0%,0 | 0.0%,0 | 0.0%,0 | 0.0%,0 | 0.0%,0 | 0.0%,0 | 0.0%,0 | 0.0%,0 | 0.0%,0 | 0.0%,0 | 0.0%,0 | 0.0%,0 | 0.0%,0 | 0.0%,0 | 0.0%,0 | 0.0%,0 | 0.0%,0 | 0.0%,0 | 0.0%,0 | 0.0%,0 | 0.0%,0 | 0.0%,0 | 0.0%,0 | 0.0%,0 | 0.0%,0 | 0.0%,0 | 0.0%,0 | 0.0%,0 | 0.0%,0 | 0.0%,0 | 0.0%,0 | 0.0%,0 | 0.0%,
34,32,0 | 0.0%,0 | 0.0%,0 | 0.0%,4 | 0.0%,0 | 0.0%,0 | 0.0%,0 | 0.0%,0 | 0.0%,0 | 0.0%,0 | 0.0%,0 | 0.0%,0 | 0.0%,0 | 0.0%,0 | 0.0%,0 | 0.0%,0 | 0.0%,0 | 0.0%,0 | 0.0%,0 | 0.0%,0 | 0.0%,0 | 0.0%,0 | 0.0%,0 | 0.0%,0 | 0.0%,0 | 0.0%,0 | 0.0%,0 | 0.0%,0 | 0.0%,0 | 0.0%,0 | 0.0%,0 | 0.0%,0 | 0.0%,0 | 0.0%,0 | 0.0%,0 | 0.0%,0 | 0.0%,0 | 0.0%,0 | 0.0%,0 | 0.0%,0 | 0.0%,
35,34,0 | 0.0%,2 | 0.0%,0 | 0.0%,0 | 0.0%,0 | 0.0%,0 | 0.0%,0 | 0.0%,0 | 0.0%,0 | 0.0%,0 | 0.0%,0 | 0.0%,0 | 0.0%,0 | 0.0%,0 | 0.0%,0 | 0.0%,0 | 0.0%,0 | 0.0%,0 | 0.0%,0 | 0.0%,0 | 0.0%,0 | 0.0%,0 | 0.0%,0 | 0.0%,0 | 0.0%,0 | 0.0%,0 | 0.0%,0 | 0.0%,0 | 0.0%,0 | 0.0%,0 | 0.0%,0 | 0.0%,0 | 0.0%,0 | 0.0%,0 | 0.0%,0 | 0.0%,0 | 0.0%,0 | 0.0%,0 | 0.0%,0 | 0.0%,0 | 0.0%,
36,35,0 | 0.0%,0 | 0.0%,0 | 0.0%,0 | 0.0%,1 | 0.0%,0 | 0.0%,0 | 0.0%,0 | 0.0%,0 | 0.0%,0 | 0.0%,0 | 0.0%,0 | 0.0%,0 | 0.0%,0 | 0.0%,0 | 0.0%,0 | 0.0%,0 | 0.0%,0 | 0.0%,0 | 0.0%,0 | 0.0%,0 | 0.0%,0 | 0.0%,0 | 0.0%,0 | 0.0%,0 | 0.0%,0 | 0.0%,0 | 0.0%,0 | 0.0%,0 | 0.0%,0 | 0.0%,0 | 0.0%,0 | 0.0%,0 | 0.0%,0 | 0.0%,0 | 0.0%,0 | 0.0%,0 | 0.0%,0 | 0.0%,0 | 0.0%,0 | 0.0%,
37,40,0 | 0.0%,1 | 0.0%,1 | 0.0%,0 | 0.0%,0 | 0.0%,0 | 0.0%,0 | 0.0%,0 | 0.0%,0 | 0.0%,0 | 0.0%,0 | 0.0%,0 | 0.0%,0 | 0.0%,0 | 0.0%,0 | 0.0%,0 | 0.0%,0 | 0.0%,0 | 0.0%,0 | 0.0%,0 | 0.0%,0 | 0.0%,0 | 0.0%,0 | 0.0%,0 | 0.0%,0 | 0.0%,0 | 0.0%,0 | 0.0%,0 | 0.0%,0 | 0.0%,0 | 0.0%,0 | 0.0%,0 | 0.0%,0 | 0.0%,0 | 0.0%,0 | 0.0%,0 | 0.0%,0 | 0.0%,0 | 0.0%,0 | 0.0%,0 | 0.0%,
38,41,0 | 0.0%,0 | 0.0%,1 | 0.0%,0 | 0.0%,0 | 0.0%,0 | 0.0%,0 | 0.0%,0 | 0.0%,0 | 0.0%,0 | 0.0%,0 | 0.0%,0 | 0.0%,0 | 0.0%,0 | 0.0%,0 | 0.0%,0 | 0.0%,0 | 0.0%,0 | 0.0%,0 | 0.0%,0 | 0.0%,0 | 0.0%,0 | 0.0%,0 | 0.0%,0 | 0.0%,0 | 0.0%,0 | 0.0%,0 | 0.0%,0 | 0.0%,0 | 0.0%,0 | 0.0%,0 | 0.0%,0 | 0.0%,0 | 0.0%,0 | 0.0%,0 | 0.0%,0 | 0.0%,0 | 0.0%,0 | 0.0%,0 | 0.0%,0 | 0.0%,
39,42,0 | 0.0%,1 | 0.0%,1 | 0.0%,0 | 0.0%,0 | 0.0%,0 | 0.0%,0 | 0.0%,0 | 0.0%,0 | 0.0%,0 | 0.0%,0 | 0.0%,0 | 0.0%,0 | 0.0%,0 | 0.0%,0 | 0.0%,0 | 0.0%,0 | 0.0%,0 | 0.0%,0 | 0.0%,0 | 0.0%,0 | 0.0%,0 | 0.0%,0 | 0.0%,0 | 0.0%,0 | 0.0%,0 | 0.0%,0 | 0.0%,0 | 0.0%,0 | 0.0%,0 | 0.0%,0 | 0.0%,0 | 0.0%,0 | 0.0%,0 | 0.0%,0 | 0.0%,0 | 0.0%,0 | 0.0%,0 | 0.0%,0 | 0.0%,0 | 0.0%,
40,45,0 | 0.0%,0 | 0.0%,1 | 0.0%,0 | 0.0%,0 | 0.0%,0 | 0.0%,0 | 0.0%,0 | 0.0%,0 | 0.0%,0 | 0.0%,0 | 0.0%,0 | 0.0%,0 | 0.0%,0 | 0.0%,0 | 0.0%,0 | 0.0%,0 | 0.0%,0 | 0.0%,0 | 0.0%,0 | 0.0%,0 | 0.0%,0 | 0.0%,0 | 0.0%,0 | 0.0%,0 | 0.0%,0 | 0.0%,0 | 0.0%,0 | 0.0%,0 | 0.0%,0 | 0.0%,0 | 0.0%,0 | 0.0%,0 | 0.0%,0 | 0.0%,0 | 0.0%,0 | 0.0%,0 | 0.0%,0 | 0.0%,0 | 0.0%,0 | 0.0%,
41,-1,0 | 0.0%,0 | 0.0%,0 | 0.0%,0 | 0.0%,0 | 0.0%,0 | 0.0%,0 | 0.0%,0 | 0.0%,0 | 0.0%,0 | 0.0%,0 | 0.0%,0 | 0.0%,0 | 0.0%,0 | 0.0%,0 | 0.0%,0 | 0.0%,0 | 0.0%,0 | 0.0%,0 | 0.0%,0 | 0.0%,0 | 0.0%,0 | 0.0%,0 | 0.0%,0 | 0.0%,0 | 0.0%,0 | 0.0%,0 | 0.0%,0 | 0.0%,0 | 0.0%,0 | 0.0%,0 | 0.0%,0 | 0.0%,0 | 0.0%,0 | 0.0%,0 | 0.0%,0 | 0.0%,0 | 0.0%,0 | 0.0%,0 | 0.0%,0 | 0.0%,
42,,,,,,,,,,,,,,,,,,,,,,,,,,,,,,,,,,,,,,,,,,"48196.0
27.71%"
