,0,1,2,3,4,5,6,7,8,9,10,11,12,13,14,15,16,17,18,19,20,21,22,23,24,25,26,27,28,29,30,31,32,33,34,35,36,37,38,39,40
0,Valeurs predites,0,1,2,3,4,5,6,7,8,9,10,11,12,13,14,15,16,17,18,19,20,21,22,23,24,25,26,27,28,29,30,31,32,34,35,40,41,42,45,
1,Valeurs reelles,,,,,,,,,,,,,,,,,,,,,,,,,,,,,,,,,,,,,,,,
2,0,4041 | 2.32%,118245 | 67.98%,19031 | 10.94%,3290 | 1.89%,893 | 0.51%,533 | 0.31%,311 | 0.18%,145 | 0.08%,60 | 0.03%,12 | 0.01%,8 | 0.0%,2 | 0.0%,8 | 0.0%,13 | 0.01%,0 | 0.0%,0 | 0.0%,0 | 0.0%,0 | 0.0%,0 | 0.0%,0 | 0.0%,0 | 0.0%,0 | 0.0%,0 | 0.0%,0 | 0.0%,0 | 0.0%,0 | 0.0%,0 | 0.0%,0 | 0.0%,0 | 0.0%,0 | 0.0%,0 | 0.0%,0 | 0.0%,0 | 0.0%,0 | 0.0%,0 | 0.0%,0 | 0.0%,0 | 0.0%,0 | 0.0%,0 | 0.0%,
3,1,45 | 0.03%,4229 | 2.43%,831 | 0.48%,131 | 0.08%,31 | 0.02%,11 | 0.01%,7 | 0.0%,7 | 0.0%,8 | 0.0%,9 | 0.01%,1 | 0.0%,0 | 0.0%,1 | 0.0%,0 | 0.0%,0 | 0.0%,0 | 0.0%,0 | 0.0%,0 | 0.0%,0 | 0.0%,0 | 0.0%,0 | 0.0%,0 | 0.0%,0 | 0.0%,0 | 0.0%,0 | 0.0%,0 | 0.0%,0 | 0.0%,0 | 0.0%,0 | 0.0%,0 | 0.0%,0 | 0.0%,0 | 0.0%,0 | 0.0%,0 | 0.0%,0 | 0.0%,0 | 0.0%,0 | 0.0%,0 | 0.0%,0 | 0.0%,
4,2,56 | 0.03%,2901 | 1.67%,913 | 0.52%,175 | 0.1%,69 | 0.04%,21 | 0.01%,20 | 0.01%,28 | 0.02%,16 | 0.01%,23 | 0.01%,14 | 0.01%,3 | 0.0%,0 | 0.0%,1 | 0.0%,1 | 0.0%,0 | 0.0%,0 | 0.0%,0 | 0.0%,0 | 0.0%,0 | 0.0%,0 | 0.0%,0 | 0.0%,0 | 0.0%,0 | 0.0%,0 | 0.0%,0 | 0.0%,0 | 0.0%,0 | 0.0%,0 | 0.0%,0 | 0.0%,0 | 0.0%,0 | 0.0%,0 | 0.0%,0 | 0.0%,0 | 0.0%,0 | 0.0%,0 | 0.0%,0 | 0.0%,0 | 0.0%,
5,3,25 | 0.01%,1942 | 1.12%,667 | 0.38%,103 | 0.06%,45 | 0.03%,50 | 0.03%,64 | 0.04%,21 | 0.01%,15 | 0.01%,10 | 0.01%,11 | 0.01%,3 | 0.0%,2 | 0.0%,0 | 0.0%,0 | 0.0%,0 | 0.0%,0 | 0.0%,0 | 0.0%,0 | 0.0%,0 | 0.0%,0 | 0.0%,0 | 0.0%,0 | 0.0%,0 | 0.0%,0 | 0.0%,0 | 0.0%,0 | 0.0%,0 | 0.0%,0 | 0.0%,0 | 0.0%,0 | 0.0%,0 | 0.0%,0 | 0.0%,0 | 0.0%,0 | 0.0%,0 | 0.0%,0 | 0.0%,0 | 0.0%,0 | 0.0%,
6,4,7 | 0.0%,1537 | 0.88%,557 | 0.32%,132 | 0.08%,107 | 0.06%,55 | 0.03%,39 | 0.02%,18 | 0.01%,6 | 0.0%,16 | 0.01%,0 | 0.0%,0 | 0.0%,0 | 0.0%,0 | 0.0%,0 | 0.0%,0 | 0.0%,0 | 0.0%,0 | 0.0%,0 | 0.0%,0 | 0.0%,0 | 0.0%,0 | 0.0%,0 | 0.0%,0 | 0.0%,0 | 0.0%,0 | 0.0%,0 | 0.0%,0 | 0.0%,0 | 0.0%,0 | 0.0%,0 | 0.0%,0 | 0.0%,0 | 0.0%,0 | 0.0%,0 | 0.0%,0 | 0.0%,0 | 0.0%,0 | 0.0%,0 | 0.0%,
7,5,8 | 0.0%,1296 | 0.75%,511 | 0.29%,258 | 0.15%,98 | 0.06%,61 | 0.04%,23 | 0.01%,16 | 0.01%,10 | 0.01%,7 | 0.0%,0 | 0.0%,0 | 0.0%,0 | 0.0%,0 | 0.0%,0 | 0.0%,0 | 0.0%,0 | 0.0%,0 | 0.0%,0 | 0.0%,0 | 0.0%,0 | 0.0%,0 | 0.0%,0 | 0.0%,0 | 0.0%,0 | 0.0%,0 | 0.0%,0 | 0.0%,0 | 0.0%,0 | 0.0%,0 | 0.0%,0 | 0.0%,0 | 0.0%,0 | 0.0%,0 | 0.0%,0 | 0.0%,0 | 0.0%,0 | 0.0%,0 | 0.0%,0 | 0.0%,
8,6,1 | 0.0%,1099 | 0.63%,497 | 0.29%,157 | 0.09%,104 | 0.06%,44 | 0.03%,17 | 0.01%,25 | 0.01%,18 | 0.01%,10 | 0.01%,2 | 0.0%,0 | 0.0%,0 | 0.0%,0 | 0.0%,0 | 0.0%,0 | 0.0%,0 | 0.0%,0 | 0.0%,0 | 0.0%,0 | 0.0%,0 | 0.0%,0 | 0.0%,0 | 0.0%,0 | 0.0%,0 | 0.0%,0 | 0.0%,0 | 0.0%,0 | 0.0%,0 | 0.0%,0 | 0.0%,0 | 0.0%,0 | 0.0%,0 | 0.0%,0 | 0.0%,0 | 0.0%,0 | 0.0%,0 | 0.0%,0 | 0.0%,0 | 0.0%,
9,7,1 | 0.0%,887 | 0.51%,312 | 0.18%,160 | 0.09%,135 | 0.08%,61 | 0.04%,13 | 0.01%,3 | 0.0%,1 | 0.0%,1 | 0.0%,0 | 0.0%,0 | 0.0%,0 | 0.0%,0 | 0.0%,0 | 0.0%,0 | 0.0%,0 | 0.0%,0 | 0.0%,0 | 0.0%,0 | 0.0%,0 | 0.0%,0 | 0.0%,0 | 0.0%,0 | 0.0%,0 | 0.0%,0 | 0.0%,0 | 0.0%,0 | 0.0%,0 | 0.0%,0 | 0.0%,0 | 0.0%,0 | 0.0%,0 | 0.0%,0 | 0.0%,0 | 0.0%,0 | 0.0%,0 | 0.0%,0 | 0.0%,0 | 0.0%,
10,8,2 | 0.0%,666 | 0.38%,463 | 0.27%,111 | 0.06%,47 | 0.03%,24 | 0.01%,12 | 0.01%,17 | 0.01%,1 | 0.0%,1 | 0.0%,0 | 0.0%,0 | 0.0%,0 | 0.0%,0 | 0.0%,0 | 0.0%,0 | 0.0%,0 | 0.0%,0 | 0.0%,0 | 0.0%,0 | 0.0%,0 | 0.0%,0 | 0.0%,0 | 0.0%,0 | 0.0%,0 | 0.0%,0 | 0.0%,0 | 0.0%,0 | 0.0%,0 | 0.0%,0 | 0.0%,0 | 0.0%,0 | 0.0%,0 | 0.0%,0 | 0.0%,0 | 0.0%,0 | 0.0%,0 | 0.0%,0 | 0.0%,0 | 0.0%,
11,9,5 | 0.0%,505 | 0.29%,295 | 0.17%,95 | 0.05%,29 | 0.02%,26 | 0.01%,16 | 0.01%,2 | 0.0%,4 | 0.0%,1 | 0.0%,1 | 0.0%,0 | 0.0%,0 | 0.0%,0 | 0.0%,0 | 0.0%,0 | 0.0%,0 | 0.0%,0 | 0.0%,0 | 0.0%,0 | 0.0%,0 | 0.0%,0 | 0.0%,0 | 0.0%,0 | 0.0%,0 | 0.0%,0 | 0.0%,0 | 0.0%,0 | 0.0%,0 | 0.0%,0 | 0.0%,0 | 0.0%,0 | 0.0%,0 | 0.0%,0 | 0.0%,0 | 0.0%,0 | 0.0%,0 | 0.0%,0 | 0.0%,0 | 0.0%,
12,10,0 | 0.0%,324 | 0.19%,259 | 0.15%,91 | 0.05%,68 | 0.04%,39 | 0.02%,11 | 0.01%,25 | 0.01%,2 | 0.0%,1 | 0.0%,1 | 0.0%,0 | 0.0%,0 | 0.0%,0 | 0.0%,0 | 0.0%,0 | 0.0%,0 | 0.0%,0 | 0.0%,0 | 0.0%,0 | 0.0%,0 | 0.0%,0 | 0.0%,0 | 0.0%,0 | 0.0%,0 | 0.0%,0 | 0.0%,0 | 0.0%,0 | 0.0%,0 | 0.0%,0 | 0.0%,0 | 0.0%,0 | 0.0%,0 | 0.0%,0 | 0.0%,0 | 0.0%,0 | 0.0%,0 | 0.0%,0 | 0.0%,0 | 0.0%,
13,11,1 | 0.0%,338 | 0.19%,290 | 0.17%,112 | 0.06%,41 | 0.02%,19 | 0.01%,5 | 0.0%,54 | 0.03%,0 | 0.0%,0 | 0.0%,0 | 0.0%,0 | 0.0%,0 | 0.0%,0 | 0.0%,0 | 0.0%,0 | 0.0%,0 | 0.0%,0 | 0.0%,0 | 0.0%,0 | 0.0%,0 | 0.0%,0 | 0.0%,0 | 0.0%,0 | 0.0%,0 | 0.0%,0 | 0.0%,0 | 0.0%,0 | 0.0%,0 | 0.0%,0 | 0.0%,0 | 0.0%,0 | 0.0%,0 | 0.0%,0 | 0.0%,0 | 0.0%,0 | 0.0%,0 | 0.0%,0 | 0.0%,0 | 0.0%,
14,12,0 | 0.0%,204 | 0.12%,209 | 0.12%,71 | 0.04%,50 | 0.03%,26 | 0.01%,4 | 0.0%,32 | 0.02%,0 | 0.0%,0 | 0.0%,0 | 0.0%,0 | 0.0%,0 | 0.0%,0 | 0.0%,0 | 0.0%,0 | 0.0%,0 | 0.0%,0 | 0.0%,0 | 0.0%,0 | 0.0%,0 | 0.0%,0 | 0.0%,0 | 0.0%,0 | 0.0%,0 | 0.0%,0 | 0.0%,0 | 0.0%,0 | 0.0%,0 | 0.0%,0 | 0.0%,0 | 0.0%,0 | 0.0%,0 | 0.0%,0 | 0.0%,0 | 0.0%,0 | 0.0%,0 | 0.0%,0 | 0.0%,0 | 0.0%,
15,13,1 | 0.0%,158 | 0.09%,212 | 0.12%,59 | 0.03%,64 | 0.04%,9 | 0.01%,4 | 0.0%,1 | 0.0%,0 | 0.0%,0 | 0.0%,0 | 0.0%,0 | 0.0%,0 | 0.0%,0 | 0.0%,0 | 0.0%,0 | 0.0%,0 | 0.0%,0 | 0.0%,0 | 0.0%,0 | 0.0%,0 | 0.0%,0 | 0.0%,0 | 0.0%,0 | 0.0%,0 | 0.0%,0 | 0.0%,0 | 0.0%,0 | 0.0%,0 | 0.0%,0 | 0.0%,0 | 0.0%,0 | 0.0%,0 | 0.0%,0 | 0.0%,0 | 0.0%,0 | 0.0%,0 | 0.0%,0 | 0.0%,0 | 0.0%,
16,14,0 | 0.0%,158 | 0.09%,114 | 0.07%,34 | 0.02%,59 | 0.03%,6 | 0.0%,3 | 0.0%,0 | 0.0%,0 | 0.0%,0 | 0.0%,0 | 0.0%,0 | 0.0%,0 | 0.0%,0 | 0.0%,0 | 0.0%,0 | 0.0%,0 | 0.0%,0 | 0.0%,0 | 0.0%,0 | 0.0%,0 | 0.0%,0 | 0.0%,0 | 0.0%,0 | 0.0%,0 | 0.0%,0 | 0.0%,0 | 0.0%,0 | 0.0%,0 | 0.0%,0 | 0.0%,0 | 0.0%,0 | 0.0%,0 | 0.0%,0 | 0.0%,0 | 0.0%,0 | 0.0%,0 | 0.0%,0 | 0.0%,0 | 0.0%,
17,15,0 | 0.0%,111 | 0.06%,77 | 0.04%,32 | 0.02%,80 | 0.05%,8 | 0.0%,4 | 0.0%,0 | 0.0%,0 | 0.0%,0 | 0.0%,0 | 0.0%,0 | 0.0%,0 | 0.0%,0 | 0.0%,0 | 0.0%,0 | 0.0%,0 | 0.0%,0 | 0.0%,0 | 0.0%,0 | 0.0%,0 | 0.0%,0 | 0.0%,0 | 0.0%,0 | 0.0%,0 | 0.0%,0 | 0.0%,0 | 0.0%,0 | 0.0%,0 | 0.0%,0 | 0.0%,0 | 0.0%,0 | 0.0%,0 | 0.0%,0 | 0.0%,0 | 0.0%,0 | 0.0%,0 | 0.0%,0 | 0.0%,0 | 0.0%,
18,16,0 | 0.0%,72 | 0.04%,71 | 0.04%,25 | 0.01%,49 | 0.03%,10 | 0.01%,2 | 0.0%,0 | 0.0%,0 | 0.0%,0 | 0.0%,0 | 0.0%,0 | 0.0%,0 | 0.0%,0 | 0.0%,0 | 0.0%,0 | 0.0%,0 | 0.0%,0 | 0.0%,0 | 0.0%,0 | 0.0%,0 | 0.0%,0 | 0.0%,0 | 0.0%,0 | 0.0%,0 | 0.0%,0 | 0.0%,0 | 0.0%,0 | 0.0%,0 | 0.0%,0 | 0.0%,0 | 0.0%,0 | 0.0%,0 | 0.0%,0 | 0.0%,0 | 0.0%,0 | 0.0%,0 | 0.0%,0 | 0.0%,0 | 0.0%,
19,17,0 | 0.0%,58 | 0.03%,25 | 0.01%,18 | 0.01%,50 | 0.03%,1 | 0.0%,2 | 0.0%,0 | 0.0%,0 | 0.0%,0 | 0.0%,0 | 0.0%,0 | 0.0%,0 | 0.0%,0 | 0.0%,0 | 0.0%,0 | 0.0%,0 | 0.0%,0 | 0.0%,0 | 0.0%,0 | 0.0%,0 | 0.0%,0 | 0.0%,0 | 0.0%,0 | 0.0%,0 | 0.0%,0 | 0.0%,0 | 0.0%,0 | 0.0%,0 | 0.0%,0 | 0.0%,0 | 0.0%,0 | 0.0%,0 | 0.0%,0 | 0.0%,0 | 0.0%,0 | 0.0%,0 | 0.0%,0 | 0.0%,0 | 0.0%,
20,18,0 | 0.0%,28 | 0.02%,21 | 0.01%,18 | 0.01%,8 | 0.0%,13 | 0.01%,5 | 0.0%,0 | 0.0%,0 | 0.0%,0 | 0.0%,0 | 0.0%,0 | 0.0%,0 | 0.0%,0 | 0.0%,0 | 0.0%,0 | 0.0%,0 | 0.0%,0 | 0.0%,0 | 0.0%,0 | 0.0%,0 | 0.0%,0 | 0.0%,0 | 0.0%,0 | 0.0%,0 | 0.0%,0 | 0.0%,0 | 0.0%,0 | 0.0%,0 | 0.0%,0 | 0.0%,0 | 0.0%,0 | 0.0%,0 | 0.0%,0 | 0.0%,0 | 0.0%,0 | 0.0%,0 | 0.0%,0 | 0.0%,0 | 0.0%,
21,19,0 | 0.0%,21 | 0.01%,24 | 0.01%,9 | 0.01%,2 | 0.0%,2 | 0.0%,1 | 0.0%,0 | 0.0%,0 | 0.0%,0 | 0.0%,0 | 0.0%,0 | 0.0%,0 | 0.0%,0 | 0.0%,0 | 0.0%,0 | 0.0%,0 | 0.0%,0 | 0.0%,0 | 0.0%,0 | 0.0%,0 | 0.0%,0 | 0.0%,0 | 0.0%,0 | 0.0%,0 | 0.0%,0 | 0.0%,0 | 0.0%,0 | 0.0%,0 | 0.0%,0 | 0.0%,0 | 0.0%,0 | 0.0%,0 | 0.0%,0 | 0.0%,0 | 0.0%,0 | 0.0%,0 | 0.0%,0 | 0.0%,0 | 0.0%,
22,20,0 | 0.0%,13 | 0.01%,10 | 0.01%,24 | 0.01%,3 | 0.0%,0 | 0.0%,0 | 0.0%,0 | 0.0%,0 | 0.0%,0 | 0.0%,0 | 0.0%,0 | 0.0%,0 | 0.0%,0 | 0.0%,0 | 0.0%,0 | 0.0%,0 | 0.0%,0 | 0.0%,0 | 0.0%,0 | 0.0%,0 | 0.0%,0 | 0.0%,0 | 0.0%,0 | 0.0%,0 | 0.0%,0 | 0.0%,0 | 0.0%,0 | 0.0%,0 | 0.0%,0 | 0.0%,0 | 0.0%,0 | 0.0%,0 | 0.0%,0 | 0.0%,0 | 0.0%,0 | 0.0%,0 | 0.0%,0 | 0.0%,0 | 0.0%,
23,21,0 | 0.0%,9 | 0.01%,10 | 0.01%,7 | 0.0%,2 | 0.0%,1 | 0.0%,0 | 0.0%,0 | 0.0%,0 | 0.0%,0 | 0.0%,0 | 0.0%,0 | 0.0%,0 | 0.0%,0 | 0.0%,0 | 0.0%,0 | 0.0%,0 | 0.0%,0 | 0.0%,0 | 0.0%,0 | 0.0%,0 | 0.0%,0 | 0.0%,0 | 0.0%,0 | 0.0%,0 | 0.0%,0 | 0.0%,0 | 0.0%,0 | 0.0%,0 | 0.0%,0 | 0.0%,0 | 0.0%,0 | 0.0%,0 | 0.0%,0 | 0.0%,0 | 0.0%,0 | 0.0%,0 | 0.0%,0 | 0.0%,0 | 0.0%,
24,22,0 | 0.0%,15 | 0.01%,8 | 0.0%,3 | 0.0%,2 | 0.0%,1 | 0.0%,1 | 0.0%,0 | 0.0%,0 | 0.0%,0 | 0.0%,0 | 0.0%,0 | 0.0%,0 | 0.0%,0 | 0.0%,0 | 0.0%,0 | 0.0%,0 | 0.0%,0 | 0.0%,0 | 0.0%,0 | 0.0%,0 | 0.0%,0 | 0.0%,0 | 0.0%,0 | 0.0%,0 | 0.0%,0 | 0.0%,0 | 0.0%,0 | 0.0%,0 | 0.0%,0 | 0.0%,0 | 0.0%,0 | 0.0%,0 | 0.0%,0 | 0.0%,0 | 0.0%,0 | 0.0%,0 | 0.0%,0 | 0.0%,0 | 0.0%,
25,23,0 | 0.0%,14 | 0.01%,6 | 0.0%,7 | 0.0%,4 | 0.0%,0 | 0.0%,0 | 0.0%,0 | 0.0%,1 | 0.0%,0 | 0.0%,0 | 0.0%,0 | 0.0%,0 | 0.0%,0 | 0.0%,0 | 0.0%,0 | 0.0%,0 | 0.0%,0 | 0.0%,0 | 0.0%,0 | 0.0%,0 | 0.0%,0 | 0.0%,0 | 0.0%,0 | 0.0%,0 | 0.0%,0 | 0.0%,0 | 0.0%,0 | 0.0%,0 | 0.0%,0 | 0.0%,0 | 0.0%,0 | 0.0%,0 | 0.0%,0 | 0.0%,0 | 0.0%,0 | 0.0%,0 | 0.0%,0 | 0.0%,0 | 0.0%,
26,24,0 | 0.0%,13 | 0.01%,3 | 0.0%,2 | 0.0%,1 | 0.0%,2 | 0.0%,0 | 0.0%,0 | 0.0%,0 | 0.0%,0 | 0.0%,0 | 0.0%,0 | 0.0%,0 | 0.0%,0 | 0.0%,0 | 0.0%,0 | 0.0%,0 | 0.0%,0 | 0.0%,0 | 0.0%,0 | 0.0%,0 | 0.0%,0 | 0.0%,0 | 0.0%,0 | 0.0%,0 | 0.0%,0 | 0.0%,0 | 0.0%,0 | 0.0%,0 | 0.0%,0 | 0.0%,0 | 0.0%,0 | 0.0%,0 | 0.0%,0 | 0.0%,0 | 0.0%,0 | 0.0%,0 | 0.0%,0 | 0.0%,0 | 0.0%,
27,25,0 | 0.0%,3 | 0.0%,0 | 0.0%,2 | 0.0%,2 | 0.0%,0 | 0.0%,1 | 0.0%,0 | 0.0%,1 | 0.0%,0 | 0.0%,0 | 0.0%,0 | 0.0%,0 | 0.0%,0 | 0.0%,0 | 0.0%,0 | 0.0%,0 | 0.0%,0 | 0.0%,0 | 0.0%,0 | 0.0%,0 | 0.0%,0 | 0.0%,0 | 0.0%,0 | 0.0%,0 | 0.0%,0 | 0.0%,0 | 0.0%,0 | 0.0%,0 | 0.0%,0 | 0.0%,0 | 0.0%,0 | 0.0%,0 | 0.0%,0 | 0.0%,0 | 0.0%,0 | 0.0%,0 | 0.0%,0 | 0.0%,0 | 0.0%,
28,26,0 | 0.0%,5 | 0.0%,1 | 0.0%,3 | 0.0%,1 | 0.0%,2 | 0.0%,0 | 0.0%,0 | 0.0%,1 | 0.0%,0 | 0.0%,0 | 0.0%,0 | 0.0%,0 | 0.0%,0 | 0.0%,0 | 0.0%,0 | 0.0%,0 | 0.0%,0 | 0.0%,0 | 0.0%,0 | 0.0%,0 | 0.0%,0 | 0.0%,0 | 0.0%,0 | 0.0%,0 | 0.0%,0 | 0.0%,0 | 0.0%,0 | 0.0%,0 | 0.0%,0 | 0.0%,0 | 0.0%,0 | 0.0%,0 | 0.0%,0 | 0.0%,0 | 0.0%,0 | 0.0%,0 | 0.0%,0 | 0.0%,0 | 0.0%,
29,27,0 | 0.0%,1 | 0.0%,0 | 0.0%,0 | 0.0%,0 | 0.0%,0 | 0.0%,1 | 0.0%,0 | 0.0%,0 | 0.0%,0 | 0.0%,0 | 0.0%,0 | 0.0%,0 | 0.0%,0 | 0.0%,0 | 0.0%,0 | 0.0%,0 | 0.0%,0 | 0.0%,0 | 0.0%,0 | 0.0%,0 | 0.0%,0 | 0.0%,0 | 0.0%,0 | 0.0%,0 | 0.0%,0 | 0.0%,0 | 0.0%,0 | 0.0%,0 | 0.0%,0 | 0.0%,0 | 0.0%,0 | 0.0%,0 | 0.0%,0 | 0.0%,0 | 0.0%,0 | 0.0%,0 | 0.0%,0 | 0.0%,0 | 0.0%,
30,28,0 | 0.0%,2 | 0.0%,0 | 0.0%,0 | 0.0%,0 | 0.0%,0 | 0.0%,0 | 0.0%,1 | 0.0%,0 | 0.0%,0 | 0.0%,0 | 0.0%,0 | 0.0%,0 | 0.0%,0 | 0.0%,0 | 0.0%,0 | 0.0%,0 | 0.0%,0 | 0.0%,0 | 0.0%,0 | 0.0%,0 | 0.0%,0 | 0.0%,0 | 0.0%,0 | 0.0%,0 | 0.0%,0 | 0.0%,0 | 0.0%,0 | 0.0%,0 | 0.0%,0 | 0.0%,0 | 0.0%,0 | 0.0%,0 | 0.0%,0 | 0.0%,0 | 0.0%,0 | 0.0%,0 | 0.0%,0 | 0.0%,0 | 0.0%,
31,29,0 | 0.0%,0 | 0.0%,1 | 0.0%,1 | 0.0%,0 | 0.0%,0 | 0.0%,0 | 0.0%,0 | 0.0%,0 | 0.0%,0 | 0.0%,0 | 0.0%,0 | 0.0%,0 | 0.0%,0 | 0.0%,0 | 0.0%,0 | 0.0%,0 | 0.0%,0 | 0.0%,0 | 0.0%,0 | 0.0%,0 | 0.0%,0 | 0.0%,0 | 0.0%,0 | 0.0%,0 | 0.0%,0 | 0.0%,0 | 0.0%,0 | 0.0%,0 | 0.0%,0 | 0.0%,0 | 0.0%,0 | 0.0%,0 | 0.0%,0 | 0.0%,0 | 0.0%,0 | 0.0%,0 | 0.0%,0 | 0.0%,0 | 0.0%,
32,30,0 | 0.0%,0 | 0.0%,1 | 0.0%,1 | 0.0%,0 | 0.0%,1 | 0.0%,0 | 0.0%,0 | 0.0%,0 | 0.0%,0 | 0.0%,0 | 0.0%,0 | 0.0%,0 | 0.0%,0 | 0.0%,0 | 0.0%,0 | 0.0%,0 | 0.0%,0 | 0.0%,0 | 0.0%,0 | 0.0%,0 | 0.0%,0 | 0.0%,0 | 0.0%,0 | 0.0%,0 | 0.0%,0 | 0.0%,0 | 0.0%,0 | 0.0%,0 | 0.0%,0 | 0.0%,0 | 0.0%,0 | 0.0%,0 | 0.0%,0 | 0.0%,0 | 0.0%,0 | 0.0%,0 | 0.0%,0 | 0.0%,0 | 0.0%,
33,31,0 | 0.0%,0 | 0.0%,0 | 0.0%,0 | 0.0%,0 | 0.0%,1 | 0.0%,1 | 0.0%,0 | 0.0%,0 | 0.0%,0 | 0.0%,0 | 0.0%,0 | 0.0%,0 | 0.0%,0 | 0.0%,0 | 0.0%,0 | 0.0%,0 | 0.0%,0 | 0.0%,0 | 0.0%,0 | 0.0%,0 | 0.0%,0 | 0.0%,0 | 0.0%,0 | 0.0%,0 | 0.0%,0 | 0.0%,0 | 0.0%,0 | 0.0%,0 | 0.0%,0 | 0.0%,0 | 0.0%,0 | 0.0%,0 | 0.0%,0 | 0.0%,0 | 0.0%,0 | 0.0%,0 | 0.0%,0 | 0.0%,0 | 0.0%,
34,32,0 | 0.0%,0 | 0.0%,0 | 0.0%,0 | 0.0%,0 | 0.0%,2 | 0.0%,2 | 0.0%,0 | 0.0%,0 | 0.0%,0 | 0.0%,0 | 0.0%,0 | 0.0%,0 | 0.0%,0 | 0.0%,0 | 0.0%,0 | 0.0%,0 | 0.0%,0 | 0.0%,0 | 0.0%,0 | 0.0%,0 | 0.0%,0 | 0.0%,0 | 0.0%,0 | 0.0%,0 | 0.0%,0 | 0.0%,0 | 0.0%,0 | 0.0%,0 | 0.0%,0 | 0.0%,0 | 0.0%,0 | 0.0%,0 | 0.0%,0 | 0.0%,0 | 0.0%,0 | 0.0%,0 | 0.0%,0 | 0.0%,0 | 0.0%,
35,34,0 | 0.0%,1 | 0.0%,1 | 0.0%,0 | 0.0%,0 | 0.0%,0 | 0.0%,0 | 0.0%,0 | 0.0%,0 | 0.0%,0 | 0.0%,0 | 0.0%,0 | 0.0%,0 | 0.0%,0 | 0.0%,0 | 0.0%,0 | 0.0%,0 | 0.0%,0 | 0.0%,0 | 0.0%,0 | 0.0%,0 | 0.0%,0 | 0.0%,0 | 0.0%,0 | 0.0%,0 | 0.0%,0 | 0.0%,0 | 0.0%,0 | 0.0%,0 | 0.0%,0 | 0.0%,0 | 0.0%,0 | 0.0%,0 | 0.0%,0 | 0.0%,0 | 0.0%,0 | 0.0%,0 | 0.0%,0 | 0.0%,0 | 0.0%,
36,35,0 | 0.0%,0 | 0.0%,0 | 0.0%,0 | 0.0%,0 | 0.0%,0 | 0.0%,1 | 0.0%,0 | 0.0%,0 | 0.0%,0 | 0.0%,0 | 0.0%,0 | 0.0%,0 | 0.0%,0 | 0.0%,0 | 0.0%,0 | 0.0%,0 | 0.0%,0 | 0.0%,0 | 0.0%,0 | 0.0%,0 | 0.0%,0 | 0.0%,0 | 0.0%,0 | 0.0%,0 | 0.0%,0 | 0.0%,0 | 0.0%,0 | 0.0%,0 | 0.0%,0 | 0.0%,0 | 0.0%,0 | 0.0%,0 | 0.0%,0 | 0.0%,0 | 0.0%,0 | 0.0%,0 | 0.0%,0 | 0.0%,0 | 0.0%,
37,40,0 | 0.0%,0 | 0.0%,2 | 0.0%,0 | 0.0%,0 | 0.0%,0 | 0.0%,0 | 0.0%,0 | 0.0%,0 | 0.0%,0 | 0.0%,0 | 0.0%,0 | 0.0%,0 | 0.0%,0 | 0.0%,0 | 0.0%,0 | 0.0%,0 | 0.0%,0 | 0.0%,0 | 0.0%,0 | 0.0%,0 | 0.0%,0 | 0.0%,0 | 0.0%,0 | 0.0%,0 | 0.0%,0 | 0.0%,0 | 0.0%,0 | 0.0%,0 | 0.0%,0 | 0.0%,0 | 0.0%,0 | 0.0%,0 | 0.0%,0 | 0.0%,0 | 0.0%,0 | 0.0%,0 | 0.0%,0 | 0.0%,0 | 0.0%,
38,41,0 | 0.0%,0 | 0.0%,1 | 0.0%,0 | 0.0%,0 | 0.0%,0 | 0.0%,0 | 0.0%,0 | 0.0%,0 | 0.0%,0 | 0.0%,0 | 0.0%,0 | 0.0%,0 | 0.0%,0 | 0.0%,0 | 0.0%,0 | 0.0%,0 | 0.0%,0 | 0.0%,0 | 0.0%,0 | 0.0%,0 | 0.0%,0 | 0.0%,0 | 0.0%,0 | 0.0%,0 | 0.0%,0 | 0.0%,0 | 0.0%,0 | 0.0%,0 | 0.0%,0 | 0.0%,0 | 0.0%,0 | 0.0%,0 | 0.0%,0 | 0.0%,0 | 0.0%,0 | 0.0%,0 | 0.0%,0 | 0.0%,0 | 0.0%,
39,42,0 | 0.0%,0 | 0.0%,1 | 0.0%,1 | 0.0%,0 | 0.0%,0 | 0.0%,0 | 0.0%,0 | 0.0%,0 | 0.0%,0 | 0.0%,0 | 0.0%,0 | 0.0%,0 | 0.0%,0 | 0.0%,0 | 0.0%,0 | 0.0%,0 | 0.0%,0 | 0.0%,0 | 0.0%,0 | 0.0%,0 | 0.0%,0 | 0.0%,0 | 0.0%,0 | 0.0%,0 | 0.0%,0 | 0.0%,0 | 0.0%,0 | 0.0%,0 | 0.0%,0 | 0.0%,0 | 0.0%,0 | 0.0%,0 | 0.0%,0 | 0.0%,0 | 0.0%,0 | 0.0%,0 | 0.0%,0 | 0.0%,0 | 0.0%,
40,45,0 | 0.0%,0 | 0.0%,0 | 0.0%,0 | 0.0%,1 | 0.0%,0 | 0.0%,0 | 0.0%,0 | 0.0%,0 | 0.0%,0 | 0.0%,0 | 0.0%,0 | 0.0%,0 | 0.0%,0 | 0.0%,0 | 0.0%,0 | 0.0%,0 | 0.0%,0 | 0.0%,0 | 0.0%,0 | 0.0%,0 | 0.0%,0 | 0.0%,0 | 0.0%,0 | 0.0%,0 | 0.0%,0 | 0.0%,0 | 0.0%,0 | 0.0%,0 | 0.0%,0 | 0.0%,0 | 0.0%,0 | 0.0%,0 | 0.0%,0 | 0.0%,0 | 0.0%,0 | 0.0%,0 | 0.0%,0 | 0.0%,0 | 0.0%,
41,,,,,,,,,,,,,,,,,,,,,,,,,,,,,,,,,,,,,,,,,"9477.0
5.45%"
