,0,1,2,3,4,5,6,7,8,9,10,11,12,13,14,15,16,17,18,19,20,21,22,23,24,25,26,27,28,29,30,31,32,33,34,35,36,37,38,39,40,41,42,43
0,Valeurs predites,0,1,2,3,4,5,6,7,8,9,10,11,12,13,14,15,16,17,18,19,20,21,22,23,24,25,26,27,28,29,30,31,32,33,34,35,36,37,38,39,40,41,
1,Valeurs reelles,,,,,,,,,,,,,,,,,,,,,,,,,,,,,,,,,,,,,,,,,,,
2,0,0 | 0.0%,585 | 0.34%,6096 | 3.5%,10872 | 6.25%,10115 | 5.81%,6458 | 3.71%,3290 | 1.89%,1750 | 1.01%,1342 | 0.77%,2083 | 1.2%,919 | 0.53%,92 | 0.05%,11 | 0.01%,0 | 0.0%,0 | 0.0%,0 | 0.0%,0 | 0.0%,0 | 0.0%,0 | 0.0%,0 | 0.0%,0 | 0.0%,0 | 0.0%,0 | 0.0%,0 | 0.0%,0 | 0.0%,0 | 0.0%,0 | 0.0%,0 | 0.0%,0 | 0.0%,0 | 0.0%,0 | 0.0%,0 | 0.0%,0 | 0.0%,0 | 0.0%,0 | 0.0%,0 | 0.0%,0 | 0.0%,0 | 0.0%,0 | 0.0%,0 | 0.0%,0 | 0.0%,0 | 0.0%,
3,1,0 | 0.0%,248 | 0.14%,4071 | 2.34%,8572 | 4.93%,8028 | 4.62%,5360 | 3.08%,2733 | 1.57%,1791 | 1.03%,1268 | 0.73%,1772 | 1.02%,926 | 0.53%,118 | 0.07%,12 | 0.01%,5 | 0.0%,0 | 0.0%,0 | 0.0%,0 | 0.0%,0 | 0.0%,0 | 0.0%,0 | 0.0%,0 | 0.0%,0 | 0.0%,0 | 0.0%,0 | 0.0%,0 | 0.0%,0 | 0.0%,0 | 0.0%,0 | 0.0%,0 | 0.0%,0 | 0.0%,0 | 0.0%,0 | 0.0%,0 | 0.0%,0 | 0.0%,0 | 0.0%,0 | 0.0%,0 | 0.0%,0 | 0.0%,0 | 0.0%,0 | 0.0%,0 | 0.0%,0 | 0.0%,
4,2,0 | 0.0%,152 | 0.09%,2386 | 1.37%,5350 | 3.08%,5875 | 3.38%,4237 | 2.44%,2178 | 1.25%,1438 | 0.83%,915 | 0.53%,835 | 0.48%,390 | 0.22%,68 | 0.04%,40 | 0.02%,2 | 0.0%,0 | 0.0%,0 | 0.0%,0 | 0.0%,0 | 0.0%,0 | 0.0%,0 | 0.0%,0 | 0.0%,0 | 0.0%,0 | 0.0%,0 | 0.0%,0 | 0.0%,0 | 0.0%,0 | 0.0%,0 | 0.0%,0 | 0.0%,0 | 0.0%,0 | 0.0%,0 | 0.0%,0 | 0.0%,0 | 0.0%,0 | 0.0%,0 | 0.0%,0 | 0.0%,0 | 0.0%,0 | 0.0%,0 | 0.0%,0 | 0.0%,0 | 0.0%,
5,3,0 | 0.0%,98 | 0.06%,1595 | 0.92%,3765 | 2.16%,4390 | 2.52%,3023 | 1.74%,1743 | 1.0%,956 | 0.55%,643 | 0.37%,435 | 0.25%,181 | 0.1%,32 | 0.02%,11 | 0.01%,0 | 0.0%,0 | 0.0%,0 | 0.0%,0 | 0.0%,0 | 0.0%,0 | 0.0%,0 | 0.0%,0 | 0.0%,0 | 0.0%,0 | 0.0%,0 | 0.0%,0 | 0.0%,0 | 0.0%,0 | 0.0%,0 | 0.0%,0 | 0.0%,0 | 0.0%,0 | 0.0%,0 | 0.0%,0 | 0.0%,0 | 0.0%,0 | 0.0%,0 | 0.0%,0 | 0.0%,0 | 0.0%,0 | 0.0%,0 | 0.0%,0 | 0.0%,0 | 0.0%,
6,4,0 | 0.0%,69 | 0.04%,1064 | 0.61%,2783 | 1.6%,3257 | 1.87%,2139 | 1.23%,1307 | 0.75%,771 | 0.44%,426 | 0.24%,239 | 0.14%,95 | 0.05%,26 | 0.01%,4 | 0.0%,0 | 0.0%,0 | 0.0%,0 | 0.0%,0 | 0.0%,0 | 0.0%,0 | 0.0%,0 | 0.0%,0 | 0.0%,0 | 0.0%,0 | 0.0%,0 | 0.0%,0 | 0.0%,0 | 0.0%,0 | 0.0%,0 | 0.0%,0 | 0.0%,0 | 0.0%,0 | 0.0%,0 | 0.0%,0 | 0.0%,0 | 0.0%,0 | 0.0%,0 | 0.0%,0 | 0.0%,0 | 0.0%,0 | 0.0%,0 | 0.0%,0 | 0.0%,0 | 0.0%,
7,5,0 | 0.0%,32 | 0.02%,741 | 0.43%,2064 | 1.19%,2313 | 1.33%,1675 | 0.96%,983 | 0.57%,605 | 0.35%,296 | 0.17%,181 | 0.1%,54 | 0.03%,28 | 0.02%,3 | 0.0%,0 | 0.0%,0 | 0.0%,0 | 0.0%,0 | 0.0%,0 | 0.0%,0 | 0.0%,0 | 0.0%,0 | 0.0%,0 | 0.0%,0 | 0.0%,0 | 0.0%,0 | 0.0%,0 | 0.0%,0 | 0.0%,0 | 0.0%,0 | 0.0%,0 | 0.0%,0 | 0.0%,0 | 0.0%,0 | 0.0%,0 | 0.0%,0 | 0.0%,0 | 0.0%,0 | 0.0%,0 | 0.0%,0 | 0.0%,0 | 0.0%,0 | 0.0%,0 | 0.0%,
8,6,0 | 0.0%,18 | 0.01%,569 | 0.33%,1583 | 0.91%,1634 | 0.94%,1317 | 0.76%,744 | 0.43%,430 | 0.25%,292 | 0.17%,135 | 0.08%,43 | 0.02%,12 | 0.01%,1 | 0.0%,0 | 0.0%,0 | 0.0%,0 | 0.0%,0 | 0.0%,0 | 0.0%,0 | 0.0%,0 | 0.0%,0 | 0.0%,0 | 0.0%,0 | 0.0%,0 | 0.0%,0 | 0.0%,0 | 0.0%,0 | 0.0%,0 | 0.0%,0 | 0.0%,0 | 0.0%,0 | 0.0%,0 | 0.0%,0 | 0.0%,0 | 0.0%,0 | 0.0%,0 | 0.0%,0 | 0.0%,0 | 0.0%,0 | 0.0%,0 | 0.0%,0 | 0.0%,0 | 0.0%,
9,7,0 | 0.0%,10 | 0.01%,437 | 0.25%,1256 | 0.72%,1412 | 0.81%,1049 | 0.6%,585 | 0.34%,295 | 0.17%,215 | 0.12%,63 | 0.04%,45 | 0.03%,5 | 0.0%,0 | 0.0%,0 | 0.0%,0 | 0.0%,0 | 0.0%,0 | 0.0%,0 | 0.0%,0 | 0.0%,0 | 0.0%,0 | 0.0%,0 | 0.0%,0 | 0.0%,0 | 0.0%,0 | 0.0%,0 | 0.0%,0 | 0.0%,0 | 0.0%,0 | 0.0%,0 | 0.0%,0 | 0.0%,0 | 0.0%,0 | 0.0%,0 | 0.0%,0 | 0.0%,0 | 0.0%,0 | 0.0%,0 | 0.0%,0 | 0.0%,0 | 0.0%,0 | 0.0%,0 | 0.0%,
10,8,0 | 0.0%,6 | 0.0%,344 | 0.2%,924 | 0.53%,1066 | 0.61%,1000 | 0.57%,447 | 0.26%,265 | 0.15%,135 | 0.08%,58 | 0.03%,58 | 0.03%,4 | 0.0%,0 | 0.0%,0 | 0.0%,0 | 0.0%,0 | 0.0%,0 | 0.0%,0 | 0.0%,0 | 0.0%,0 | 0.0%,0 | 0.0%,0 | 0.0%,0 | 0.0%,0 | 0.0%,0 | 0.0%,0 | 0.0%,0 | 0.0%,0 | 0.0%,0 | 0.0%,0 | 0.0%,0 | 0.0%,0 | 0.0%,0 | 0.0%,0 | 0.0%,0 | 0.0%,0 | 0.0%,0 | 0.0%,0 | 0.0%,0 | 0.0%,0 | 0.0%,0 | 0.0%,0 | 0.0%,
11,9,0 | 0.0%,11 | 0.01%,263 | 0.15%,694 | 0.4%,808 | 0.46%,642 | 0.37%,388 | 0.22%,268 | 0.15%,171 | 0.1%,70 | 0.04%,17 | 0.01%,1 | 0.0%,0 | 0.0%,0 | 0.0%,0 | 0.0%,0 | 0.0%,0 | 0.0%,0 | 0.0%,0 | 0.0%,0 | 0.0%,0 | 0.0%,0 | 0.0%,0 | 0.0%,0 | 0.0%,0 | 0.0%,0 | 0.0%,0 | 0.0%,0 | 0.0%,0 | 0.0%,0 | 0.0%,0 | 0.0%,0 | 0.0%,0 | 0.0%,0 | 0.0%,0 | 0.0%,0 | 0.0%,0 | 0.0%,0 | 0.0%,0 | 0.0%,0 | 0.0%,0 | 0.0%,0 | 0.0%,
12,10,0 | 0.0%,7 | 0.0%,226 | 0.13%,547 | 0.31%,766 | 0.44%,586 | 0.34%,388 | 0.22%,224 | 0.13%,155 | 0.09%,61 | 0.04%,8 | 0.0%,1 | 0.0%,0 | 0.0%,0 | 0.0%,0 | 0.0%,0 | 0.0%,0 | 0.0%,0 | 0.0%,0 | 0.0%,0 | 0.0%,0 | 0.0%,0 | 0.0%,0 | 0.0%,0 | 0.0%,0 | 0.0%,0 | 0.0%,0 | 0.0%,0 | 0.0%,0 | 0.0%,0 | 0.0%,0 | 0.0%,0 | 0.0%,0 | 0.0%,0 | 0.0%,0 | 0.0%,0 | 0.0%,0 | 0.0%,0 | 0.0%,0 | 0.0%,0 | 0.0%,0 | 0.0%,0 | 0.0%,
13,11,0 | 0.0%,9 | 0.01%,199 | 0.11%,480 | 0.28%,540 | 0.31%,525 | 0.3%,300 | 0.17%,206 | 0.12%,123 | 0.07%,52 | 0.03%,5 | 0.0%,0 | 0.0%,0 | 0.0%,0 | 0.0%,0 | 0.0%,0 | 0.0%,0 | 0.0%,0 | 0.0%,0 | 0.0%,0 | 0.0%,0 | 0.0%,0 | 0.0%,0 | 0.0%,0 | 0.0%,0 | 0.0%,0 | 0.0%,0 | 0.0%,0 | 0.0%,0 | 0.0%,0 | 0.0%,0 | 0.0%,0 | 0.0%,0 | 0.0%,0 | 0.0%,0 | 0.0%,0 | 0.0%,0 | 0.0%,0 | 0.0%,0 | 0.0%,0 | 0.0%,0 | 0.0%,0 | 0.0%,
14,12,0 | 0.0%,1 | 0.0%,136 | 0.08%,471 | 0.27%,526 | 0.3%,420 | 0.24%,213 | 0.12%,108 | 0.06%,48 | 0.03%,32 | 0.02%,10 | 0.01%,0 | 0.0%,0 | 0.0%,0 | 0.0%,0 | 0.0%,0 | 0.0%,0 | 0.0%,0 | 0.0%,0 | 0.0%,0 | 0.0%,0 | 0.0%,0 | 0.0%,0 | 0.0%,0 | 0.0%,0 | 0.0%,0 | 0.0%,0 | 0.0%,0 | 0.0%,0 | 0.0%,0 | 0.0%,0 | 0.0%,0 | 0.0%,0 | 0.0%,0 | 0.0%,0 | 0.0%,0 | 0.0%,0 | 0.0%,0 | 0.0%,0 | 0.0%,0 | 0.0%,0 | 0.0%,0 | 0.0%,
15,13,0 | 0.0%,1 | 0.0%,96 | 0.06%,350 | 0.2%,422 | 0.24%,322 | 0.19%,201 | 0.12%,99 | 0.06%,28 | 0.02%,15 | 0.01%,7 | 0.0%,0 | 0.0%,0 | 0.0%,0 | 0.0%,0 | 0.0%,0 | 0.0%,0 | 0.0%,0 | 0.0%,0 | 0.0%,0 | 0.0%,0 | 0.0%,0 | 0.0%,0 | 0.0%,0 | 0.0%,0 | 0.0%,0 | 0.0%,0 | 0.0%,0 | 0.0%,0 | 0.0%,0 | 0.0%,0 | 0.0%,0 | 0.0%,0 | 0.0%,0 | 0.0%,0 | 0.0%,0 | 0.0%,0 | 0.0%,0 | 0.0%,0 | 0.0%,0 | 0.0%,0 | 0.0%,0 | 0.0%,
16,14,0 | 0.0%,1 | 0.0%,94 | 0.05%,227 | 0.13%,316 | 0.18%,260 | 0.15%,113 | 0.06%,84 | 0.05%,29 | 0.02%,13 | 0.01%,3 | 0.0%,0 | 0.0%,0 | 0.0%,0 | 0.0%,0 | 0.0%,0 | 0.0%,0 | 0.0%,0 | 0.0%,0 | 0.0%,0 | 0.0%,0 | 0.0%,0 | 0.0%,0 | 0.0%,0 | 0.0%,0 | 0.0%,0 | 0.0%,0 | 0.0%,0 | 0.0%,0 | 0.0%,0 | 0.0%,0 | 0.0%,0 | 0.0%,0 | 0.0%,0 | 0.0%,0 | 0.0%,0 | 0.0%,0 | 0.0%,0 | 0.0%,0 | 0.0%,0 | 0.0%,0 | 0.0%,0 | 0.0%,
17,15,0 | 0.0%,0 | 0.0%,80 | 0.05%,192 | 0.11%,211 | 0.12%,217 | 0.12%,114 | 0.07%,44 | 0.03%,20 | 0.01%,8 | 0.0%,3 | 0.0%,0 | 0.0%,0 | 0.0%,0 | 0.0%,0 | 0.0%,0 | 0.0%,0 | 0.0%,0 | 0.0%,0 | 0.0%,0 | 0.0%,0 | 0.0%,0 | 0.0%,0 | 0.0%,0 | 0.0%,0 | 0.0%,0 | 0.0%,0 | 0.0%,0 | 0.0%,0 | 0.0%,0 | 0.0%,0 | 0.0%,0 | 0.0%,0 | 0.0%,0 | 0.0%,0 | 0.0%,0 | 0.0%,0 | 0.0%,0 | 0.0%,0 | 0.0%,0 | 0.0%,0 | 0.0%,0 | 0.0%,
18,16,0 | 0.0%,0 | 0.0%,77 | 0.04%,139 | 0.08%,155 | 0.09%,167 | 0.1%,78 | 0.04%,46 | 0.03%,26 | 0.01%,3 | 0.0%,3 | 0.0%,0 | 0.0%,0 | 0.0%,0 | 0.0%,0 | 0.0%,0 | 0.0%,0 | 0.0%,0 | 0.0%,0 | 0.0%,0 | 0.0%,0 | 0.0%,0 | 0.0%,0 | 0.0%,0 | 0.0%,0 | 0.0%,0 | 0.0%,0 | 0.0%,0 | 0.0%,0 | 0.0%,0 | 0.0%,0 | 0.0%,0 | 0.0%,0 | 0.0%,0 | 0.0%,0 | 0.0%,0 | 0.0%,0 | 0.0%,0 | 0.0%,0 | 0.0%,0 | 0.0%,0 | 0.0%,0 | 0.0%,
19,17,0 | 0.0%,1 | 0.0%,61 | 0.04%,107 | 0.06%,122 | 0.07%,112 | 0.06%,53 | 0.03%,38 | 0.02%,13 | 0.01%,15 | 0.01%,4 | 0.0%,0 | 0.0%,0 | 0.0%,0 | 0.0%,0 | 0.0%,0 | 0.0%,0 | 0.0%,0 | 0.0%,0 | 0.0%,0 | 0.0%,0 | 0.0%,0 | 0.0%,0 | 0.0%,0 | 0.0%,0 | 0.0%,0 | 0.0%,0 | 0.0%,0 | 0.0%,0 | 0.0%,0 | 0.0%,0 | 0.0%,0 | 0.0%,0 | 0.0%,0 | 0.0%,0 | 0.0%,0 | 0.0%,0 | 0.0%,0 | 0.0%,0 | 0.0%,0 | 0.0%,0 | 0.0%,0 | 0.0%,
20,18,0 | 0.0%,0 | 0.0%,18 | 0.01%,89 | 0.05%,94 | 0.05%,88 | 0.05%,42 | 0.02%,20 | 0.01%,11 | 0.01%,9 | 0.01%,6 | 0.0%,0 | 0.0%,0 | 0.0%,0 | 0.0%,0 | 0.0%,0 | 0.0%,0 | 0.0%,0 | 0.0%,0 | 0.0%,0 | 0.0%,0 | 0.0%,0 | 0.0%,0 | 0.0%,0 | 0.0%,0 | 0.0%,0 | 0.0%,0 | 0.0%,0 | 0.0%,0 | 0.0%,0 | 0.0%,0 | 0.0%,0 | 0.0%,0 | 0.0%,0 | 0.0%,0 | 0.0%,0 | 0.0%,0 | 0.0%,0 | 0.0%,0 | 0.0%,0 | 0.0%,0 | 0.0%,0 | 0.0%,
21,19,0 | 0.0%,1 | 0.0%,18 | 0.01%,71 | 0.04%,83 | 0.05%,73 | 0.04%,30 | 0.02%,14 | 0.01%,11 | 0.01%,11 | 0.01%,6 | 0.0%,0 | 0.0%,0 | 0.0%,0 | 0.0%,0 | 0.0%,0 | 0.0%,0 | 0.0%,0 | 0.0%,0 | 0.0%,0 | 0.0%,0 | 0.0%,0 | 0.0%,0 | 0.0%,0 | 0.0%,0 | 0.0%,0 | 0.0%,0 | 0.0%,0 | 0.0%,0 | 0.0%,0 | 0.0%,0 | 0.0%,0 | 0.0%,0 | 0.0%,0 | 0.0%,0 | 0.0%,0 | 0.0%,0 | 0.0%,0 | 0.0%,0 | 0.0%,0 | 0.0%,0 | 0.0%,0 | 0.0%,
22,20,0 | 0.0%,0 | 0.0%,4 | 0.0%,33 | 0.02%,65 | 0.04%,55 | 0.03%,24 | 0.01%,23 | 0.01%,11 | 0.01%,5 | 0.0%,4 | 0.0%,0 | 0.0%,0 | 0.0%,0 | 0.0%,0 | 0.0%,0 | 0.0%,0 | 0.0%,0 | 0.0%,0 | 0.0%,0 | 0.0%,0 | 0.0%,0 | 0.0%,0 | 0.0%,0 | 0.0%,0 | 0.0%,0 | 0.0%,0 | 0.0%,0 | 0.0%,0 | 0.0%,0 | 0.0%,0 | 0.0%,0 | 0.0%,0 | 0.0%,0 | 0.0%,0 | 0.0%,0 | 0.0%,0 | 0.0%,0 | 0.0%,0 | 0.0%,0 | 0.0%,0 | 0.0%,0 | 0.0%,
23,21,0 | 0.0%,0 | 0.0%,11 | 0.01%,24 | 0.01%,39 | 0.02%,35 | 0.02%,14 | 0.01%,10 | 0.01%,14 | 0.01%,6 | 0.0%,0 | 0.0%,0 | 0.0%,0 | 0.0%,0 | 0.0%,0 | 0.0%,0 | 0.0%,0 | 0.0%,0 | 0.0%,0 | 0.0%,0 | 0.0%,0 | 0.0%,0 | 0.0%,0 | 0.0%,0 | 0.0%,0 | 0.0%,0 | 0.0%,0 | 0.0%,0 | 0.0%,0 | 0.0%,0 | 0.0%,0 | 0.0%,0 | 0.0%,0 | 0.0%,0 | 0.0%,0 | 0.0%,0 | 0.0%,0 | 0.0%,0 | 0.0%,0 | 0.0%,0 | 0.0%,0 | 0.0%,0 | 0.0%,
24,22,0 | 0.0%,0 | 0.0%,13 | 0.01%,31 | 0.02%,20 | 0.01%,31 | 0.02%,16 | 0.01%,5 | 0.0%,11 | 0.01%,2 | 0.0%,0 | 0.0%,0 | 0.0%,0 | 0.0%,0 | 0.0%,0 | 0.0%,0 | 0.0%,0 | 0.0%,0 | 0.0%,0 | 0.0%,0 | 0.0%,0 | 0.0%,0 | 0.0%,0 | 0.0%,0 | 0.0%,0 | 0.0%,0 | 0.0%,0 | 0.0%,0 | 0.0%,0 | 0.0%,0 | 0.0%,0 | 0.0%,0 | 0.0%,0 | 0.0%,0 | 0.0%,0 | 0.0%,0 | 0.0%,0 | 0.0%,0 | 0.0%,0 | 0.0%,0 | 0.0%,0 | 0.0%,0 | 0.0%,
25,23,0 | 0.0%,0 | 0.0%,3 | 0.0%,14 | 0.01%,12 | 0.01%,18 | 0.01%,9 | 0.01%,13 | 0.01%,8 | 0.0%,1 | 0.0%,0 | 0.0%,0 | 0.0%,0 | 0.0%,0 | 0.0%,0 | 0.0%,0 | 0.0%,0 | 0.0%,0 | 0.0%,0 | 0.0%,0 | 0.0%,0 | 0.0%,0 | 0.0%,0 | 0.0%,0 | 0.0%,0 | 0.0%,0 | 0.0%,0 | 0.0%,0 | 0.0%,0 | 0.0%,0 | 0.0%,0 | 0.0%,0 | 0.0%,0 | 0.0%,0 | 0.0%,0 | 0.0%,0 | 0.0%,0 | 0.0%,0 | 0.0%,0 | 0.0%,0 | 0.0%,0 | 0.0%,0 | 0.0%,
26,24,0 | 0.0%,0 | 0.0%,8 | 0.0%,9 | 0.01%,6 | 0.0%,10 | 0.01%,4 | 0.0%,6 | 0.0%,3 | 0.0%,0 | 0.0%,0 | 0.0%,0 | 0.0%,0 | 0.0%,0 | 0.0%,0 | 0.0%,0 | 0.0%,0 | 0.0%,0 | 0.0%,0 | 0.0%,0 | 0.0%,0 | 0.0%,0 | 0.0%,0 | 0.0%,0 | 0.0%,0 | 0.0%,0 | 0.0%,0 | 0.0%,0 | 0.0%,0 | 0.0%,0 | 0.0%,0 | 0.0%,0 | 0.0%,0 | 0.0%,0 | 0.0%,0 | 0.0%,0 | 0.0%,0 | 0.0%,0 | 0.0%,0 | 0.0%,0 | 0.0%,0 | 0.0%,0 | 0.0%,
27,25,0 | 0.0%,0 | 0.0%,6 | 0.0%,9 | 0.01%,7 | 0.0%,6 | 0.0%,4 | 0.0%,8 | 0.0%,1 | 0.0%,0 | 0.0%,0 | 0.0%,0 | 0.0%,0 | 0.0%,0 | 0.0%,0 | 0.0%,0 | 0.0%,0 | 0.0%,0 | 0.0%,0 | 0.0%,0 | 0.0%,0 | 0.0%,0 | 0.0%,0 | 0.0%,0 | 0.0%,0 | 0.0%,0 | 0.0%,0 | 0.0%,0 | 0.0%,0 | 0.0%,0 | 0.0%,0 | 0.0%,0 | 0.0%,0 | 0.0%,0 | 0.0%,0 | 0.0%,0 | 0.0%,0 | 0.0%,0 | 0.0%,0 | 0.0%,0 | 0.0%,0 | 0.0%,0 | 0.0%,
28,26,0 | 0.0%,0 | 0.0%,6 | 0.0%,3 | 0.0%,17 | 0.01%,7 | 0.0%,6 | 0.0%,1 | 0.0%,2 | 0.0%,0 | 0.0%,0 | 0.0%,0 | 0.0%,0 | 0.0%,0 | 0.0%,0 | 0.0%,0 | 0.0%,0 | 0.0%,0 | 0.0%,0 | 0.0%,0 | 0.0%,0 | 0.0%,0 | 0.0%,0 | 0.0%,0 | 0.0%,0 | 0.0%,0 | 0.0%,0 | 0.0%,0 | 0.0%,0 | 0.0%,0 | 0.0%,0 | 0.0%,0 | 0.0%,0 | 0.0%,0 | 0.0%,0 | 0.0%,0 | 0.0%,0 | 0.0%,0 | 0.0%,0 | 0.0%,0 | 0.0%,0 | 0.0%,0 | 0.0%,
29,27,0 | 0.0%,0 | 0.0%,4 | 0.0%,4 | 0.0%,6 | 0.0%,4 | 0.0%,1 | 0.0%,1 | 0.0%,0 | 0.0%,0 | 0.0%,0 | 0.0%,0 | 0.0%,0 | 0.0%,0 | 0.0%,0 | 0.0%,0 | 0.0%,0 | 0.0%,0 | 0.0%,0 | 0.0%,0 | 0.0%,0 | 0.0%,0 | 0.0%,0 | 0.0%,0 | 0.0%,0 | 0.0%,0 | 0.0%,0 | 0.0%,0 | 0.0%,0 | 0.0%,0 | 0.0%,0 | 0.0%,0 | 0.0%,0 | 0.0%,0 | 0.0%,0 | 0.0%,0 | 0.0%,0 | 0.0%,0 | 0.0%,0 | 0.0%,0 | 0.0%,0 | 0.0%,0 | 0.0%,
30,28,0 | 0.0%,0 | 0.0%,0 | 0.0%,3 | 0.0%,3 | 0.0%,6 | 0.0%,6 | 0.0%,1 | 0.0%,0 | 0.0%,0 | 0.0%,0 | 0.0%,0 | 0.0%,0 | 0.0%,0 | 0.0%,0 | 0.0%,0 | 0.0%,0 | 0.0%,0 | 0.0%,0 | 0.0%,0 | 0.0%,0 | 0.0%,0 | 0.0%,0 | 0.0%,0 | 0.0%,0 | 0.0%,0 | 0.0%,0 | 0.0%,0 | 0.0%,0 | 0.0%,0 | 0.0%,0 | 0.0%,0 | 0.0%,0 | 0.0%,0 | 0.0%,0 | 0.0%,0 | 0.0%,0 | 0.0%,0 | 0.0%,0 | 0.0%,0 | 0.0%,0 | 0.0%,0 | 0.0%,
31,29,0 | 0.0%,0 | 0.0%,1 | 0.0%,3 | 0.0%,2 | 0.0%,2 | 0.0%,3 | 0.0%,0 | 0.0%,0 | 0.0%,0 | 0.0%,0 | 0.0%,0 | 0.0%,0 | 0.0%,0 | 0.0%,0 | 0.0%,0 | 0.0%,0 | 0.0%,0 | 0.0%,0 | 0.0%,0 | 0.0%,0 | 0.0%,0 | 0.0%,0 | 0.0%,0 | 0.0%,0 | 0.0%,0 | 0.0%,0 | 0.0%,0 | 0.0%,0 | 0.0%,0 | 0.0%,0 | 0.0%,0 | 0.0%,0 | 0.0%,0 | 0.0%,0 | 0.0%,0 | 0.0%,0 | 0.0%,0 | 0.0%,0 | 0.0%,0 | 0.0%,0 | 0.0%,0 | 0.0%,
32,30,0 | 0.0%,0 | 0.0%,0 | 0.0%,1 | 0.0%,3 | 0.0%,5 | 0.0%,2 | 0.0%,0 | 0.0%,0 | 0.0%,0 | 0.0%,0 | 0.0%,0 | 0.0%,0 | 0.0%,0 | 0.0%,0 | 0.0%,0 | 0.0%,0 | 0.0%,0 | 0.0%,0 | 0.0%,0 | 0.0%,0 | 0.0%,0 | 0.0%,0 | 0.0%,0 | 0.0%,0 | 0.0%,0 | 0.0%,0 | 0.0%,0 | 0.0%,0 | 0.0%,0 | 0.0%,0 | 0.0%,0 | 0.0%,0 | 0.0%,0 | 0.0%,0 | 0.0%,0 | 0.0%,0 | 0.0%,0 | 0.0%,0 | 0.0%,0 | 0.0%,0 | 0.0%,0 | 0.0%,
33,31,0 | 0.0%,0 | 0.0%,0 | 0.0%,3 | 0.0%,5 | 0.0%,6 | 0.0%,4 | 0.0%,15 | 0.01%,0 | 0.0%,0 | 0.0%,0 | 0.0%,0 | 0.0%,0 | 0.0%,0 | 0.0%,0 | 0.0%,0 | 0.0%,0 | 0.0%,0 | 0.0%,0 | 0.0%,0 | 0.0%,0 | 0.0%,0 | 0.0%,0 | 0.0%,0 | 0.0%,0 | 0.0%,0 | 0.0%,0 | 0.0%,0 | 0.0%,0 | 0.0%,0 | 0.0%,0 | 0.0%,0 | 0.0%,0 | 0.0%,0 | 0.0%,0 | 0.0%,0 | 0.0%,0 | 0.0%,0 | 0.0%,0 | 0.0%,0 | 0.0%,0 | 0.0%,0 | 0.0%,
34,32,0 | 0.0%,0 | 0.0%,0 | 0.0%,1 | 0.0%,7 | 0.0%,2 | 0.0%,2 | 0.0%,19 | 0.01%,0 | 0.0%,0 | 0.0%,0 | 0.0%,0 | 0.0%,0 | 0.0%,0 | 0.0%,0 | 0.0%,0 | 0.0%,0 | 0.0%,0 | 0.0%,0 | 0.0%,0 | 0.0%,0 | 0.0%,0 | 0.0%,0 | 0.0%,0 | 0.0%,0 | 0.0%,0 | 0.0%,0 | 0.0%,0 | 0.0%,0 | 0.0%,0 | 0.0%,0 | 0.0%,0 | 0.0%,0 | 0.0%,0 | 0.0%,0 | 0.0%,0 | 0.0%,0 | 0.0%,0 | 0.0%,0 | 0.0%,0 | 0.0%,0 | 0.0%,0 | 0.0%,
35,33,0 | 0.0%,0 | 0.0%,1 | 0.0%,1 | 0.0%,5 | 0.0%,1 | 0.0%,3 | 0.0%,0 | 0.0%,1 | 0.0%,0 | 0.0%,0 | 0.0%,0 | 0.0%,0 | 0.0%,0 | 0.0%,0 | 0.0%,0 | 0.0%,0 | 0.0%,0 | 0.0%,0 | 0.0%,0 | 0.0%,0 | 0.0%,0 | 0.0%,0 | 0.0%,0 | 0.0%,0 | 0.0%,0 | 0.0%,0 | 0.0%,0 | 0.0%,0 | 0.0%,0 | 0.0%,0 | 0.0%,0 | 0.0%,0 | 0.0%,0 | 0.0%,0 | 0.0%,0 | 0.0%,0 | 0.0%,0 | 0.0%,0 | 0.0%,0 | 0.0%,0 | 0.0%,0 | 0.0%,
36,34,0 | 0.0%,0 | 0.0%,0 | 0.0%,0 | 0.0%,7 | 0.0%,3 | 0.0%,1 | 0.0%,0 | 0.0%,0 | 0.0%,0 | 0.0%,0 | 0.0%,0 | 0.0%,0 | 0.0%,0 | 0.0%,0 | 0.0%,0 | 0.0%,0 | 0.0%,0 | 0.0%,0 | 0.0%,0 | 0.0%,0 | 0.0%,0 | 0.0%,0 | 0.0%,0 | 0.0%,0 | 0.0%,0 | 0.0%,0 | 0.0%,0 | 0.0%,0 | 0.0%,0 | 0.0%,0 | 0.0%,0 | 0.0%,0 | 0.0%,0 | 0.0%,0 | 0.0%,0 | 0.0%,0 | 0.0%,0 | 0.0%,0 | 0.0%,0 | 0.0%,0 | 0.0%,0 | 0.0%,
37,35,0 | 0.0%,0 | 0.0%,0 | 0.0%,2 | 0.0%,3 | 0.0%,2 | 0.0%,0 | 0.0%,0 | 0.0%,0 | 0.0%,0 | 0.0%,0 | 0.0%,0 | 0.0%,0 | 0.0%,0 | 0.0%,0 | 0.0%,0 | 0.0%,0 | 0.0%,0 | 0.0%,0 | 0.0%,0 | 0.0%,0 | 0.0%,0 | 0.0%,0 | 0.0%,0 | 0.0%,0 | 0.0%,0 | 0.0%,0 | 0.0%,0 | 0.0%,0 | 0.0%,0 | 0.0%,0 | 0.0%,0 | 0.0%,0 | 0.0%,0 | 0.0%,0 | 0.0%,0 | 0.0%,0 | 0.0%,0 | 0.0%,0 | 0.0%,0 | 0.0%,0 | 0.0%,0 | 0.0%,
38,36,0 | 0.0%,0 | 0.0%,2 | 0.0%,0 | 0.0%,2 | 0.0%,2 | 0.0%,0 | 0.0%,0 | 0.0%,0 | 0.0%,0 | 0.0%,0 | 0.0%,0 | 0.0%,0 | 0.0%,0 | 0.0%,0 | 0.0%,0 | 0.0%,0 | 0.0%,0 | 0.0%,0 | 0.0%,0 | 0.0%,0 | 0.0%,0 | 0.0%,0 | 0.0%,0 | 0.0%,0 | 0.0%,0 | 0.0%,0 | 0.0%,0 | 0.0%,0 | 0.0%,0 | 0.0%,0 | 0.0%,0 | 0.0%,0 | 0.0%,0 | 0.0%,0 | 0.0%,0 | 0.0%,0 | 0.0%,0 | 0.0%,0 | 0.0%,0 | 0.0%,0 | 0.0%,0 | 0.0%,
39,37,0 | 0.0%,0 | 0.0%,1 | 0.0%,0 | 0.0%,3 | 0.0%,0 | 0.0%,0 | 0.0%,0 | 0.0%,0 | 0.0%,0 | 0.0%,0 | 0.0%,0 | 0.0%,0 | 0.0%,0 | 0.0%,0 | 0.0%,0 | 0.0%,0 | 0.0%,0 | 0.0%,0 | 0.0%,0 | 0.0%,0 | 0.0%,0 | 0.0%,0 | 0.0%,0 | 0.0%,0 | 0.0%,0 | 0.0%,0 | 0.0%,0 | 0.0%,0 | 0.0%,0 | 0.0%,0 | 0.0%,0 | 0.0%,0 | 0.0%,0 | 0.0%,0 | 0.0%,0 | 0.0%,0 | 0.0%,0 | 0.0%,0 | 0.0%,0 | 0.0%,0 | 0.0%,0 | 0.0%,
40,38,0 | 0.0%,0 | 0.0%,0 | 0.0%,0 | 0.0%,0 | 0.0%,1 | 0.0%,0 | 0.0%,0 | 0.0%,0 | 0.0%,0 | 0.0%,0 | 0.0%,0 | 0.0%,0 | 0.0%,0 | 0.0%,0 | 0.0%,0 | 0.0%,0 | 0.0%,0 | 0.0%,0 | 0.0%,0 | 0.0%,0 | 0.0%,0 | 0.0%,0 | 0.0%,0 | 0.0%,0 | 0.0%,0 | 0.0%,0 | 0.0%,0 | 0.0%,0 | 0.0%,0 | 0.0%,0 | 0.0%,0 | 0.0%,0 | 0.0%,0 | 0.0%,0 | 0.0%,0 | 0.0%,0 | 0.0%,0 | 0.0%,0 | 0.0%,0 | 0.0%,0 | 0.0%,0 | 0.0%,
41,39,0 | 0.0%,0 | 0.0%,0 | 0.0%,0 | 0.0%,2 | 0.0%,2 | 0.0%,1 | 0.0%,0 | 0.0%,0 | 0.0%,0 | 0.0%,0 | 0.0%,0 | 0.0%,0 | 0.0%,0 | 0.0%,0 | 0.0%,0 | 0.0%,0 | 0.0%,0 | 0.0%,0 | 0.0%,0 | 0.0%,0 | 0.0%,0 | 0.0%,0 | 0.0%,0 | 0.0%,0 | 0.0%,0 | 0.0%,0 | 0.0%,0 | 0.0%,0 | 0.0%,0 | 0.0%,0 | 0.0%,0 | 0.0%,0 | 0.0%,0 | 0.0%,0 | 0.0%,0 | 0.0%,0 | 0.0%,0 | 0.0%,0 | 0.0%,0 | 0.0%,0 | 0.0%,0 | 0.0%,
42,40,0 | 0.0%,0 | 0.0%,0 | 0.0%,0 | 0.0%,0 | 0.0%,2 | 0.0%,1 | 0.0%,0 | 0.0%,0 | 0.0%,0 | 0.0%,0 | 0.0%,0 | 0.0%,0 | 0.0%,0 | 0.0%,0 | 0.0%,0 | 0.0%,0 | 0.0%,0 | 0.0%,0 | 0.0%,0 | 0.0%,0 | 0.0%,0 | 0.0%,0 | 0.0%,0 | 0.0%,0 | 0.0%,0 | 0.0%,0 | 0.0%,0 | 0.0%,0 | 0.0%,0 | 0.0%,0 | 0.0%,0 | 0.0%,0 | 0.0%,0 | 0.0%,0 | 0.0%,0 | 0.0%,0 | 0.0%,0 | 0.0%,0 | 0.0%,0 | 0.0%,0 | 0.0%,0 | 0.0%,
43,41,0 | 0.0%,0 | 0.0%,0 | 0.0%,0 | 0.0%,2 | 0.0%,3 | 0.0%,0 | 0.0%,0 | 0.0%,0 | 0.0%,0 | 0.0%,0 | 0.0%,0 | 0.0%,0 | 0.0%,0 | 0.0%,0 | 0.0%,0 | 0.0%,0 | 0.0%,0 | 0.0%,0 | 0.0%,0 | 0.0%,0 | 0.0%,0 | 0.0%,0 | 0.0%,0 | 0.0%,0 | 0.0%,0 | 0.0%,0 | 0.0%,0 | 0.0%,0 | 0.0%,0 | 0.0%,0 | 0.0%,0 | 0.0%,0 | 0.0%,0 | 0.0%,0 | 0.0%,0 | 0.0%,0 | 0.0%,0 | 0.0%,0 | 0.0%,0 | 0.0%,0 | 0.0%,0 | 0.0%,
44,,,,,,,,,,,,,,,,,,,,,,,,,,,,,,,,,,,,,,,,,,,,"12583.0
7.23%"
